image,predictio
0,L
1,L
2,L
3,L
4,L
5,L
6,L
7,L
8,L
9,L
10,L
11,L
12,L
13,L
14,L
15,L
16,L
17,L
18,L
19,L
20,L
21,L
22,L
23,L
24,L
25,L
26,L
27,L
28,L
29,L
30,L
31,L
32,L
33,L
34,L
35,L
36,L
37,L
38,L
39,L
40,L
41,L
42,L
43,L
44,L
45,L
46,L
47,L
48,L
49,L
50,L
51,L
52,L
53,L
54,L
55,L
56,L
57,L
58,L
59,L
60,L
61,L
62,L
63,L
64,L
65,L
66,L
67,L
68,L
69,L
70,L
71,L
72,L
73,L
74,L
75,L
76,L
77,L
78,L
79,L
80,L
81,L
82,L
83,L
84,L
85,L
86,L
87,L
88,L
89,L
90,L
91,L
92,L
93,L
94,L
95,L
96,L
97,L
98,L
99,L
100,L
101,L
102,L
103,L
104,L
105,L
106,L
107,L
108,L
109,L
110,L
111,L
112,L
113,L
114,L
115,L
116,L
117,L
118,L
119,L
120,L
121,L
122,L
123,L
124,L
125,L
126,L
127,L
128,L
129,L
130,L
131,L
132,L
133,L
134,L
135,L
136,L
137,L
138,L
139,L
140,L
141,L
142,L
143,L
144,L
145,L
146,L
147,L
148,L
149,L
150,L
151,L
152,L
153,L
154,L
155,L
156,L
157,L
158,L
159,L
160,L
161,L
162,L
163,L
164,L
165,L
166,L
167,L
168,L
169,L
170,L
171,L
172,L
173,L
174,L
175,L
176,L
177,L
178,L
179,L
180,L
181,L
182,L
183,L
184,L
185,L
186,L
187,L
188,L
189,L
190,L
191,L
192,L
193,L
194,L
195,L
196,L
197,L
198,L
199,L
200,L
201,L
202,L
203,L
204,L
205,L
206,L
207,L
208,L
209,L
210,L
211,L
212,L
213,L
214,L
215,L
216,L
217,L
218,L
219,L
220,L
221,L
222,L
223,L
224,L
225,L
226,L
227,L
228,L
229,L
230,L
231,L
232,L
233,L
234,L
235,L
236,L
237,L
238,L
239,L
240,L
241,L
242,L
243,L
244,L
245,L
246,L
247,L
248,L
249,L
250,L
251,L
252,L
253,L
254,L
255,L
256,L
257,L
258,L
259,L
260,L
261,L
262,L
263,L
264,L
265,L
266,L
267,L
268,L
269,L
270,L
271,L
272,L
273,L
274,L
275,L
276,L
277,L
278,L
279,L
280,L
281,L
282,L
283,L
284,L
285,L
286,L
287,L
288,L
289,L
290,L
291,L
292,L
293,L
294,L
295,L
296,L
297,L
298,L
299,L
300,L
301,L
302,L
303,L
304,L
305,L
306,L
307,L
308,L
309,L
310,L
311,L
312,L
313,L
314,L
315,L
316,L
317,L
318,L
319,L
320,L
321,L
322,L
323,L
324,L
325,L
326,L
327,L
328,L
329,L
330,L
331,L
332,L
333,L
334,L
335,L
336,L
337,L
338,L
339,L
340,L
341,L
342,L
343,L
344,L
345,L
346,L
347,L
348,L
349,L
350,L
351,L
352,L
353,L
354,L
355,L
356,L
357,L
358,L
359,L
360,L
361,L
362,L
363,L
364,L
365,L
366,L
367,L
368,L
369,L
370,L
371,L
372,L
373,L
374,L
375,L
376,L
377,L
378,L
379,L
380,L
381,L
382,L
383,L
384,L
385,L
386,L
387,L
388,L
389,L
390,L
391,L
392,L
393,L
394,L
395,L
396,L
397,L
398,L
399,L
400,L
401,L
402,L
403,L
404,L
405,L
406,L
407,L
408,L
409,L
410,L
411,L
412,L
413,L
414,L
415,L
416,L
417,L
418,L
419,L
420,L
421,L
422,L
423,L
424,L
425,L
426,L
427,L
428,L
429,L
430,L
431,L
432,L
433,L
434,L
435,L
436,L
437,L
438,L
439,L
440,L
441,L
442,L
443,L
444,L
445,L
446,L
447,L
448,L
449,L
450,L
451,L
452,L
453,L
454,L
455,L
456,L
457,L
458,L
459,L
460,L
461,L
462,L
463,L
464,L
465,L
466,L
467,L
468,L
469,L
470,L
471,L
472,L
473,L
474,L
475,L
476,L
477,L
478,L
479,L
480,L
481,L
482,L
483,L
484,L
485,L
486,L
487,L
488,L
489,L
490,L
491,L
492,L
493,L
494,L
495,L
496,L
497,L
498,L
499,L
500,L
501,L
502,L
503,L
504,L
505,L
506,L
507,L
508,L
509,L
510,L
511,L
512,L
513,L
514,L
515,L
516,L
517,L
518,L
519,L
520,L
521,L
522,L
523,L
524,L
525,L
526,L
527,L
528,L
529,L
530,L
531,L
532,L
533,L
534,L
535,L
536,L
537,L
538,L
539,L
540,L
541,L
542,L
543,L
544,L
545,L
546,L
547,L
548,L
549,L
550,L
551,L
552,L
553,L
554,L
555,L
556,L
557,L
558,L
559,L
560,L
561,L
562,L
563,L
564,L
565,L
566,L
567,L
568,L
569,L
570,L
571,L
572,L
573,L
574,L
575,L
576,L
577,L
578,L
579,L
580,L
581,L
582,L
583,L
584,L
585,L
586,L
587,L
588,L
589,L
590,L
591,L
592,L
593,L
594,L
595,L
596,L
597,L
598,L
599,L
600,L
601,L
602,L
603,L
604,L
605,L
606,L
607,L
608,L
609,L
610,L
611,L
612,L
613,L
614,L
615,L
616,L
617,L
618,L
619,L
620,L
621,L
622,L
623,L
624,L
625,L
626,L
627,L
628,L
629,L
630,L
631,L
632,L
633,L
634,L
635,L
636,L
637,L
638,L
639,L
640,L
641,L
642,L
643,L
644,L
645,L
646,L
647,L
648,L
649,L
650,L
651,L
652,L
653,L
654,L
655,L
656,L
657,L
658,L
659,L
660,L
661,L
662,L
663,L
664,L
665,L
666,L
667,L
668,L
669,L
670,L
671,L
672,L
673,L
674,L
675,L
676,L
677,L
678,L
679,L
680,L
681,L
682,L
683,L
684,L
685,L
686,L
687,L
688,L
689,L
690,L
691,L
692,L
693,L
694,L
695,L
696,L
697,L
698,L
699,L
700,L
701,L
702,L
703,L
704,L
705,L
706,L
707,L
708,L
709,L
710,L
711,L
712,L
713,L
714,L
715,L
716,L
717,L
718,L
719,L
720,L
721,L
722,L
723,L
724,L
725,L
726,L
727,L
728,L
729,L
730,L
731,L
732,L
733,L
734,L
735,L
736,L
737,L
738,L
739,L
740,L
741,L
742,L
743,L
744,L
745,L
746,L
747,L
748,L
749,L
750,L
751,L
752,L
753,L
754,L
755,L
756,L
757,L
758,L
759,L
760,L
761,L
762,L
763,L
764,L
765,L
766,L
767,L
768,L
769,L
770,L
771,L
772,L
773,L
774,L
775,L
776,L
777,L
778,L
779,L
780,L
781,L
782,L
783,L
784,L
785,L
786,L
787,L
788,L
789,L
790,L
791,L
792,L
793,L
794,L
795,L
796,L
797,L
798,L
799,L
800,L
801,L
802,L
803,L
804,L
805,L
806,L
807,L
808,L
809,L
810,L
811,L
812,L
813,L
814,L
815,L
816,L
817,L
818,L
819,L
820,L
821,L
822,L
823,L
824,L
825,L
826,L
827,L
828,L
829,L
830,L
831,L
832,L
833,L
834,L
835,L
836,L
837,L
838,L
839,L
840,L
841,L
842,L
843,L
844,L
845,L
846,L
847,L
848,L
849,L
850,L
851,L
852,L
853,L
854,L
855,L
856,L
857,L
858,L
859,L
860,L
861,L
862,L
863,L
864,L
865,L
866,L
867,L
868,L
869,L
870,L
871,L
872,L
873,L
874,L
875,L
876,L
877,L
878,L
879,L
880,L
881,L
882,L
883,L
884,L
885,L
886,L
887,L
888,L
889,L
890,L
891,L
892,L
893,L
894,L
895,L
896,L
897,L
898,L
899,L
900,L
901,L
902,L
903,L
904,L
905,L
906,L
907,L
908,L
909,L
910,L
911,L
912,L
913,L
914,L
915,L
916,L
917,L
918,L
919,L
920,L
921,L
922,L
923,L
924,L
925,L
926,L
927,L
928,L
929,L
930,L
931,L
932,L
933,L
934,L
935,L
936,L
937,L
938,L
939,L
940,L
941,L
942,L
943,L
944,L
945,L
946,L
947,L
948,L
949,L
950,L
951,L
952,L
953,L
954,L
955,L
956,L
957,L
958,L
959,L
960,L
961,L
962,L
963,L
964,L
965,L
966,L
967,L
968,L
969,L
970,L
971,L
972,L
973,L
974,L
975,L
976,L
977,L
978,L
979,L
980,L
981,L
982,L
983,L
984,L
985,L
986,L
987,L
988,L
989,L
990,L
991,L
992,L
993,L
994,L
995,L
996,L
997,L
998,L
999,L
1000,L
1001,L
1002,L
1003,L
1004,L
1005,L
1006,L
1007,L
1008,L
1009,L
1010,L
1011,L
1012,L
1013,L
1014,L
1015,L
1016,L
1017,L
1018,L
1019,L
1020,L
1021,L
1022,L
1023,L
1024,L
1025,L
1026,L
1027,L
1028,L
1029,L
1030,L
1031,L
1032,L
1033,L
1034,L
1035,L
1036,L
1037,L
1038,L
1039,L
1040,L
1041,L
1042,L
1043,L
1044,L
1045,L
1046,L
1047,L
1048,L
1049,L
1050,L
1051,L
1052,L
1053,L
1054,L
1055,L
1056,L
1057,L
1058,L
1059,L
1060,L
1061,L
1062,L
1063,L
1064,L
1065,L
1066,L
1067,L
1068,L
1069,L
1070,L
1071,L
1072,L
1073,L
1074,L
1075,L
1076,L
1077,L
1078,L
1079,L
1080,L
1081,L
1082,L
1083,L
1084,L
1085,L
1086,L
1087,L
1088,L
1089,L
1090,L
1091,L
1092,L
1093,L
1094,L
1095,L
1096,L
1097,L
1098,L
1099,L
1100,L
1101,L
1102,L
1103,L
1104,L
1105,L
1106,L
1107,L
1108,L
1109,L
1110,L
1111,L
1112,L
1113,L
1114,L
1115,L
1116,L
1117,L
1118,L
1119,L
1120,L
1121,L
1122,L
1123,L
1124,L
1125,L
1126,L
1127,L
1128,L
1129,L
1130,L
1131,L
1132,L
1133,L
1134,L
1135,L
1136,L
1137,L
1138,L
1139,L
1140,L
1141,L
1142,L
1143,L
1144,L
1145,L
1146,L
1147,L
1148,L
1149,L
1150,L
1151,L
1152,L
1153,L
1154,L
1155,L
1156,L
1157,L
1158,L
1159,L
1160,L
1161,L
1162,L
1163,L
1164,L
1165,L
1166,L
1167,L
1168,L
1169,L
1170,L
1171,L
1172,L
1173,L
1174,L
1175,L
1176,L
1177,L
1178,L
1179,L
1180,L
1181,L
1182,L
1183,L
1184,L
1185,L
1186,L
1187,L
1188,L
1189,L
1190,L
1191,L
1192,L
1193,L
1194,L
1195,L
1196,L
1197,L
1198,L
1199,L
1200,L
1201,L
1202,L
1203,L
1204,L
1205,L
1206,L
1207,L
1208,L
1209,L
1210,L
1211,L
1212,L
1213,L
1214,L
1215,L
1216,L
1217,L
1218,L
1219,L
1220,L
1221,L
1222,L
1223,L
1224,L
1225,L
1226,L
1227,L
1228,L
1229,L
1230,L
1231,L
1232,L
1233,L
1234,L
1235,L
1236,L
1237,L
1238,L
1239,L
1240,L
1241,L
1242,L
1243,L
1244,L
1245,L
1246,L
1247,L
1248,L
1249,L
1250,L
1251,L
1252,L
1253,L
1254,L
1255,L
1256,L
1257,L
1258,L
1259,L
1260,L
1261,L
1262,L
1263,L
1264,L
1265,L
1266,L
1267,L
1268,L
1269,L
1270,L
1271,L
1272,L
1273,L
1274,L
1275,L
1276,L
1277,L
1278,L
1279,L
1280,L
1281,L
1282,L
1283,L
1284,L
1285,L
1286,L
1287,L
1288,L
1289,L
1290,L
1291,L
1292,L
1293,L
1294,L
1295,L
1296,L
1297,L
1298,L
1299,L
1300,L
1301,L
1302,L
1303,L
1304,L
1305,L
1306,L
1307,L
1308,L
1309,L
1310,L
1311,L
1312,L
1313,L
1314,L
1315,L
1316,L
1317,L
1318,L
1319,L
1320,L
1321,L
1322,L
1323,L
1324,L
1325,L
1326,L
1327,L
1328,L
1329,L
1330,L
1331,L
1332,L
1333,L
1334,L
1335,L
1336,L
1337,L
1338,L
1339,L
1340,L
1341,L
1342,L
1343,L
1344,L
1345,L
1346,L
1347,L
1348,L
1349,L
1350,L
1351,L
1352,L
1353,L
1354,L
1355,L
1356,L
1357,L
1358,L
1359,L
1360,L
1361,L
1362,L
1363,L
1364,L
1365,L
1366,L
1367,L
1368,L
1369,L
1370,L
1371,L
1372,L
1373,L
1374,L
1375,L
1376,L
1377,L
1378,L
1379,L
1380,L
1381,L
1382,L
1383,L
1384,L
1385,L
1386,L
1387,L
1388,L
1389,L
1390,L
1391,L
1392,L
1393,L
1394,L
1395,L
1396,L
1397,L
1398,L
1399,L
1400,L
1401,L
1402,L
1403,L
1404,L
1405,L
1406,L
1407,L
1408,L
1409,L
1410,L
1411,L
1412,L
1413,L
1414,L
1415,L
1416,L
1417,L
1418,L
1419,L
1420,L
1421,L
1422,L
1423,L
1424,L
1425,L
1426,L
1427,L
1428,L
1429,L
1430,L
1431,L
1432,L
1433,L
1434,L
1435,L
1436,L
1437,L
1438,L
1439,L
1440,L
1441,L
1442,L
1443,L
1444,L
1445,L
1446,L
1447,L
1448,L
1449,L
1450,L
1451,L
1452,L
1453,L
1454,L
1455,L
1456,L
1457,L
1458,L
1459,L
1460,L
1461,L
1462,L
1463,L
1464,L
1465,L
1466,L
1467,L
1468,L
1469,L
1470,L
1471,L
1472,L
1473,L
1474,L
1475,L
1476,L
1477,L
1478,L
1479,L
1480,L
1481,L
1482,L
1483,L
1484,L
1485,L
1486,L
1487,L
1488,L
1489,L
1490,L
1491,L
1492,L
1493,L
1494,L
1495,L
1496,L
1497,L
1498,L
1499,L
1500,L
1501,L
1502,L
1503,L
1504,L
1505,L
1506,L
1507,L
1508,L
1509,L
1510,L
1511,L
1512,L
1513,L
1514,L
1515,L
1516,L
1517,L
1518,L
1519,L
1520,L
1521,L
1522,L
1523,L
1524,L
1525,L
1526,L
1527,L
1528,L
1529,L
1530,L
1531,L
1532,L
1533,L
1534,L
1535,L
1536,L
1537,L
1538,L
1539,L
1540,L
1541,L
1542,L
1543,L
1544,L
1545,L
1546,L
1547,L
1548,L
1549,L
1550,L
1551,L
1552,L
1553,L
1554,L
1555,L
1556,L
1557,L
1558,L
1559,L
1560,L
1561,L
1562,L
1563,L
1564,L
1565,L
1566,L
1567,L
1568,L
1569,L
1570,L
1571,L
1572,L
1573,L
1574,L
1575,L
1576,L
1577,L
1578,L
1579,L
1580,L
1581,L
1582,L
1583,L
1584,L
1585,L
1586,L
1587,L
1588,L
1589,L
1590,L
1591,L
1592,L
1593,L
1594,L
1595,L
1596,L
1597,L
1598,L
1599,L
1600,L
1601,L
1602,L
1603,L
1604,L
1605,L
1606,L
1607,L
1608,L
1609,L
1610,L
1611,L
1612,L
1613,L
1614,L
1615,L
1616,L
1617,L
1618,L
1619,L
1620,L
1621,L
1622,L
1623,L
1624,L
1625,L
1626,L
1627,L
1628,L
1629,L
1630,L
1631,L
1632,L
1633,L
1634,L
1635,L
1636,L
1637,L
1638,L
1639,L
1640,L
1641,L
1642,L
1643,L
1644,L
1645,L
1646,L
1647,L
1648,L
1649,L
1650,L
1651,L
1652,L
1653,L
1654,L
1655,L
1656,L
1657,L
1658,L
1659,L
1660,L
1661,L
1662,L
1663,L
1664,L
1665,L
1666,L
1667,L
1668,L
1669,L
1670,L
1671,L
1672,L
1673,L
1674,L
1675,L
1676,L
1677,L
1678,L
1679,L
1680,L
1681,L
1682,L
1683,L
1684,L
1685,L
1686,L
1687,L
1688,L
1689,L
1690,L
1691,L
1692,L
1693,L
1694,L
1695,L
1696,L
1697,L
1698,L
1699,L
1700,L
1701,L
1702,L
1703,L
1704,L
1705,L
1706,L
1707,L
1708,L
1709,L
1710,L
1711,L
1712,L
1713,L
1714,L
1715,L
1716,L
1717,L
1718,L
1719,L
1720,L
1721,L
1722,L
1723,L
1724,L
1725,L
1726,L
1727,L
1728,L
1729,L
1730,L
1731,L
1732,L
1733,L
1734,L
1735,L
1736,L
1737,L
1738,L
1739,L
1740,L
1741,L
1742,L
1743,L
1744,L
1745,L
1746,L
1747,L
1748,L
1749,L
1750,L
1751,L
1752,L
1753,L
1754,L
1755,L
1756,L
1757,L
1758,L
1759,L
1760,L
1761,L
1762,L
1763,L
1764,L
1765,L
1766,L
1767,L
1768,L
1769,L
1770,L
1771,L
1772,L
1773,L
1774,L
1775,L
1776,L
1777,L
1778,L
1779,L
1780,L
1781,L
1782,L
1783,L
1784,L
1785,L
1786,L
1787,L
1788,L
1789,L
1790,L
1791,L
1792,L
1793,L
1794,L
1795,L
1796,L
1797,L
1798,L
1799,L
1800,L
1801,L
1802,L
1803,L
1804,L
1805,L
1806,L
1807,L
1808,L
1809,L
1810,L
1811,L
1812,L
1813,L
1814,L
1815,L
1816,L
1817,L
1818,L
1819,L
1820,L
1821,L
1822,L
1823,L
1824,L
1825,L
1826,L
1827,L
1828,L
1829,L
1830,L
1831,L
1832,L
1833,L
1834,L
1835,L
1836,L
1837,L
1838,L
1839,L
1840,L
1841,L
1842,L
1843,L
1844,L
1845,L
1846,L
1847,L
1848,L
1849,L
1850,L
1851,L
1852,L
1853,L
1854,L
1855,L
1856,L
1857,L
1858,L
1859,L
1860,L
1861,L
1862,L
1863,L
1864,L
1865,L
1866,L
1867,L
1868,L
1869,L
1870,L
1871,L
1872,L
1873,L
1874,L
1875,L
1876,L
1877,L
1878,L
1879,L
1880,L
1881,L
1882,L
1883,L
1884,L
1885,L
1886,L
1887,L
1888,L
1889,L
1890,L
1891,L
1892,L
1893,L
1894,L
1895,L
1896,L
1897,L
1898,L
1899,L
1900,L
1901,L
1902,L
1903,L
1904,L
1905,L
1906,L
1907,L
1908,L
1909,L
1910,L
1911,L
1912,L
1913,L
1914,L
1915,L
1916,L
1917,L
1918,L
1919,L
1920,L
1921,L
1922,L
1923,L
1924,L
1925,L
1926,L
1927,L
1928,L
1929,L
1930,L
1931,L
1932,L
1933,L
1934,L
1935,L
1936,L
1937,L
1938,L
1939,L
1940,L
1941,L
1942,L
1943,L
1944,L
1945,L
1946,L
1947,L
1948,L
1949,L
1950,L
1951,L
1952,L
1953,L
1954,L
1955,L
1956,L
1957,L
1958,L
1959,L
1960,L
1961,L
1962,L
1963,L
1964,L
1965,L
1966,L
1967,L
1968,L
1969,L
1970,L
1971,L
1972,L
1973,L
1974,L
1975,L
1976,L
1977,L
1978,L
1979,L
1980,L
1981,L
1982,L
1983,L
1984,L
1985,L
1986,L
1987,L
1988,L
1989,L
1990,L
1991,L
1992,L
1993,L
1994,L
1995,L
1996,L
1997,L
1998,L
1999,L
2000,L
2001,L
2002,L
2003,L
2004,L
2005,L
2006,L
2007,L
2008,L
2009,L
2010,L
2011,L
2012,L
2013,L
2014,L
2015,L
2016,L
2017,L
2018,L
2019,L
2020,L
2021,L
2022,L
2023,L
2024,L
2025,L
2026,L
2027,L
2028,L
2029,L
2030,L
2031,L
2032,L
2033,L
2034,L
2035,L
2036,L
2037,L
2038,L
2039,L
2040,L
2041,L
2042,L
2043,L
2044,L
2045,L
2046,L
2047,L
2048,L
2049,L
2050,L
2051,L
2052,L
2053,L
2054,L
2055,L
2056,L
2057,L
2058,L
2059,L
2060,L
2061,L
2062,L
2063,L
2064,L
2065,L
2066,L
2067,L
2068,L
2069,L
2070,L
2071,L
2072,L
2073,L
2074,L
2075,L
2076,L
2077,L
2078,L
2079,L
2080,L
2081,L
2082,L
2083,L
2084,L
2085,L
2086,L
2087,L
2088,L
2089,L
2090,L
2091,L
2092,L
2093,L
2094,L
2095,L
2096,L
2097,L
2098,L
2099,L
2100,L
2101,L
2102,L
2103,L
2104,L
2105,L
2106,L
2107,L
2108,L
2109,L
2110,L
2111,L
2112,L
2113,L
2114,L
2115,L
2116,L
2117,L
2118,L
2119,L
2120,L
2121,L
2122,L
2123,L
2124,L
2125,L
2126,L
2127,L
2128,L
2129,L
2130,L
2131,L
2132,L
2133,L
2134,L
2135,L
2136,L
2137,L
2138,L
2139,L
2140,L
2141,L
2142,L
2143,L
2144,L
2145,L
2146,L
2147,L
2148,L
2149,L
2150,L
2151,L
2152,L
2153,L
2154,L
2155,L
2156,L
2157,L
2158,L
2159,L
2160,L
2161,L
2162,L
2163,L
2164,L
2165,L
2166,L
2167,L
2168,L
2169,L
2170,L
2171,L
2172,L
2173,L
2174,L
2175,L
2176,L
2177,L
2178,L
2179,L
2180,L
2181,L
2182,L
2183,L
2184,L
2185,L
2186,L
2187,L
2188,L
2189,L
2190,L
2191,L
2192,L
2193,L
2194,L
2195,L
2196,L
2197,L
2198,L
2199,L
2200,L
2201,L
2202,L
2203,L
2204,L
2205,L
2206,L
2207,L
2208,L
2209,L
2210,L
2211,L
2212,L
2213,L
2214,L
2215,L
2216,L
2217,L
2218,L
2219,L
2220,L
2221,L
2222,L
2223,L
2224,L
2225,L
2226,L
2227,L
2228,L
2229,L
2230,L
2231,L
2232,L
2233,L
2234,L
2235,L
2236,L
2237,L
2238,L
2239,L
2240,L
2241,L
2242,L
2243,L
2244,L
2245,L
2246,L
2247,L
2248,L
2249,L
2250,L
2251,L
2252,L
2253,L
2254,L
2255,L
2256,L
2257,L
2258,L
2259,L
2260,L
2261,L
2262,L
2263,L
2264,L
2265,L
2266,L
2267,L
2268,L
2269,L
2270,L
2271,L
2272,L
2273,L
2274,L
2275,L
2276,L
2277,L
2278,L
2279,L
2280,L
2281,L
2282,L
2283,L
2284,L
2285,L
2286,L
2287,L
2288,L
2289,L
2290,L
2291,L
2292,L
2293,L
2294,L
2295,L
2296,L
2297,L
2298,L
2299,L
2300,L
2301,L
2302,L
2303,L
2304,L
2305,L
2306,L
2307,L
2308,L
2309,L
2310,L
2311,L
2312,L
2313,L
2314,L
2315,L
2316,L
2317,L
2318,L
2319,L
2320,L
2321,L
2322,L
2323,L
2324,L
2325,L
2326,L
2327,L
2328,L
2329,L
2330,L
2331,L
2332,L
2333,L
2334,L
2335,L
2336,L
2337,L
2338,L
2339,L
2340,L
2341,L
2342,L
2343,L
2344,L
2345,L
2346,L
2347,L
2348,L
2349,L
2350,L
2351,L
2352,L
2353,L
2354,L
2355,L
2356,L
2357,L
2358,L
2359,L
2360,L
2361,L
2362,L
2363,L
2364,L
2365,L
2366,L
2367,L
2368,L
2369,L
2370,L
2371,L
2372,L
2373,L
2374,L
2375,L
2376,L
2377,L
2378,L
2379,L
2380,L
2381,L
2382,L
2383,L
2384,L
2385,L
2386,L
2387,L
2388,L
2389,L
2390,L
2391,L
2392,L
2393,L
2394,L
2395,L
2396,L
2397,L
2398,L
2399,L
2400,L
2401,L
2402,L
2403,L
2404,L
2405,L
2406,L
2407,L
2408,L
2409,L
2410,L
2411,L
2412,L
2413,L
2414,L
2415,L
2416,L
2417,L
2418,L
2419,L
2420,L
2421,L
2422,L
2423,L
2424,L
2425,L
2426,L
2427,L
2428,L
2429,L
2430,L
2431,L
2432,L
2433,L
2434,L
2435,L
2436,L
2437,L
2438,L
2439,L
2440,L
2441,L
2442,L
2443,L
2444,L
2445,L
2446,L
2447,L
2448,L
2449,L
2450,L
2451,L
2452,L
2453,L
2454,L
2455,L
2456,L
2457,L
2458,L
2459,L
2460,L
2461,L
2462,L
2463,L
2464,L
2465,L
2466,L
2467,L
2468,L
2469,L
2470,L
2471,L
2472,L
2473,L
2474,L
2475,L
2476,L
2477,L
2478,L
2479,L
2480,L
2481,L
2482,L
2483,L
2484,L
2485,L
2486,L
2487,L
2488,L
2489,L
2490,L
2491,L
2492,L
2493,L
2494,L
2495,L
2496,L
2497,L
2498,L
2499,L
2500,L
2501,L
2502,L
2503,L
2504,L
2505,L
2506,L
2507,L
2508,L
2509,L
2510,L
2511,L
2512,L
2513,L
2514,L
2515,L
2516,L
2517,L
2518,L
2519,L
2520,L
2521,L
2522,L
2523,L
2524,L
2525,L
2526,L
2527,L
2528,L
2529,L
2530,L
2531,L
2532,L
2533,L
2534,L
2535,L
2536,L
2537,L
2538,L
2539,L
2540,L
2541,L
2542,L
2543,L
2544,L
2545,L
2546,L
2547,L
2548,L
2549,L
2550,L
2551,L
2552,L
2553,L
2554,L
2555,L
2556,L
2557,L
2558,L
2559,L
2560,L
2561,L
2562,L
2563,L
2564,L
2565,L
2566,L
2567,L
2568,L
2569,L
2570,L
2571,L
2572,L
2573,L
2574,L
2575,L
2576,L
2577,L
2578,L
2579,L
2580,L
2581,L
2582,L
2583,L
2584,L
2585,L
2586,L
2587,L
2588,L
2589,L
2590,L
2591,L
2592,L
2593,L
2594,L
2595,L
2596,L
2597,L
2598,L
2599,L
2600,L
2601,L
2602,L
2603,L
2604,L
2605,L
2606,L
2607,L
2608,L
2609,L
2610,L
2611,L
2612,L
2613,L
2614,L
2615,L
2616,L
2617,L
2618,L
2619,L
2620,L
2621,L
2622,L
2623,L
2624,L
2625,L
2626,L
2627,L
2628,L
2629,L
2630,L
2631,L
2632,L
2633,L
2634,L
2635,L
2636,L
2637,L
2638,L
2639,L
2640,L
2641,L
2642,L
2643,L
2644,L
2645,L
2646,L
2647,L
2648,L
2649,L
2650,L
2651,L
2652,L
2653,L
2654,L
2655,L
2656,L
2657,L
2658,L
2659,L
2660,L
2661,L
2662,L
2663,L
2664,L
2665,L
2666,L
2667,L
2668,L
2669,L
2670,L
2671,L
2672,L
2673,L
2674,L
2675,L
2676,L
2677,L
2678,L
2679,L
2680,L
2681,L
2682,L
2683,L
2684,L
2685,L
2686,L
2687,L
2688,L
2689,L
2690,L
2691,L
2692,L
2693,L
2694,L
2695,L
2696,L
2697,L
2698,L
2699,L
2700,L
2701,L
2702,L
2703,L
2704,L
2705,L
2706,L
2707,L
2708,L
2709,L
2710,L
2711,L
2712,L
2713,L
2714,L
2715,L
2716,L
2717,L
2718,L
2719,L
2720,L
2721,L
2722,L
2723,L
2724,L
2725,L
2726,L
2727,L
2728,L
2729,L
2730,L
2731,L
2732,L
2733,L
2734,L
2735,L
2736,L
2737,L
2738,L
2739,L
2740,L
2741,L
2742,L
2743,L
2744,L
2745,L
2746,L
2747,L
2748,L
2749,L
2750,L
2751,L
2752,L
2753,L
2754,L
2755,L
2756,L
2757,L
2758,L
2759,L
2760,L
2761,L
2762,L
2763,L
2764,L
2765,L
2766,L
2767,L
2768,L
2769,L
2770,L
2771,L
2772,L
2773,L
2774,L
2775,L
2776,L
2777,L
2778,L
2779,L
2780,L
2781,L
2782,L
2783,L
2784,L
2785,L
2786,L
2787,L
2788,L
2789,L
2790,L
2791,L
2792,L
2793,L
2794,L
2795,L
2796,L
2797,L
2798,L
2799,L
2800,L
2801,L
2802,L
2803,L
2804,L
2805,L
2806,L
2807,L
2808,L
2809,L
2810,L
2811,L
2812,L
2813,L
2814,L
2815,L
2816,L
2817,L
2818,L
2819,L
2820,L
2821,L
2822,L
2823,L
2824,L
2825,L
2826,L
2827,L
2828,L
2829,L
2830,L
2831,L
2832,L
2833,L
2834,L
2835,L
2836,L
2837,L
2838,L
2839,L
2840,L
2841,L
2842,L
2843,L
2844,L
2845,L
2846,L
2847,L
2848,L
2849,L
2850,L
2851,L
2852,L
2853,L
2854,L
2855,L
2856,L
2857,L
2858,L
2859,L
2860,L
2861,L
2862,L
2863,L
2864,L
2865,L
2866,L
2867,L
2868,L
2869,L
2870,L
2871,L
2872,L
2873,L
2874,L
2875,L
2876,L
2877,L
2878,L
2879,L
2880,L
2881,L
2882,L
2883,L
2884,L
2885,L
2886,L
2887,L
2888,L
2889,L
2890,L
2891,L
2892,L
2893,L
2894,L
2895,L
2896,L
2897,L
2898,L
2899,L
2900,L
2901,L
2902,L
2903,L
2904,L
2905,L
2906,L
2907,L
2908,L
2909,L
2910,L
2911,L
2912,L
2913,L
2914,L
2915,L
2916,L
2917,L
2918,L
2919,L
2920,L
2921,L
2922,L
2923,L
2924,L
2925,L
2926,L
2927,L
2928,L
2929,L
2930,L
2931,L
2932,L
2933,L
2934,L
2935,L
2936,L
2937,L
2938,L
2939,L
2940,L
2941,L
2942,L
2943,L
2944,L
2945,L
2946,L
2947,L
2948,L
2949,L
2950,L
2951,L
2952,L
2953,L
2954,L
2955,L
2956,L
2957,L
2958,L
2959,L
2960,L
2961,L
2962,L
2963,L
2964,L
2965,L
2966,L
2967,L
2968,L
2969,L
2970,L
2971,L
2972,L
2973,L
2974,L
2975,L
2976,L
2977,L
2978,L
2979,L
2980,L
2981,L
2982,L
2983,L
2984,L
2985,L
2986,L
2987,L
2988,L
2989,L
2990,L
2991,L
2992,L
2993,L
2994,L
2995,L
2996,L
2997,L
2998,L
2999,L
3000,L
3001,L
3002,L
3003,L
3004,L
3005,L
3006,L
3007,L
3008,L
3009,L
3010,L
3011,L
3012,L
3013,L
3014,L
3015,L
3016,L
3017,L
3018,L
3019,L
3020,L
3021,L
3022,L
3023,L
3024,L
3025,L
3026,L
3027,L
3028,L
3029,L
3030,L
3031,L
3032,L
3033,L
3034,L
3035,L
3036,L
3037,L
3038,L
3039,L
3040,L
3041,L
3042,L
3043,L
3044,L
3045,L
3046,L
3047,L
3048,L
3049,L
3050,L
3051,L
3052,L
3053,L
3054,L
3055,L
3056,L
3057,L
3058,L
3059,L
3060,L
3061,L
3062,L
3063,L
3064,L
3065,L
3066,L
3067,L
3068,L
3069,L
3070,L
3071,L
3072,L
3073,L
3074,L
3075,L
3076,L
3077,L
3078,L
3079,L
3080,L
3081,L
3082,L
3083,L
3084,L
3085,L
3086,L
3087,L
3088,L
3089,L
3090,L
3091,L
3092,L
3093,L
3094,L
3095,L
3096,L
3097,L
3098,L
3099,L
3100,L
3101,L
3102,L
3103,L
3104,L
3105,L
3106,L
3107,L
3108,L
3109,L
3110,L
3111,L
3112,L
3113,L
3114,L
3115,L
3116,L
3117,L
3118,L
3119,L
3120,L
3121,L
3122,L
3123,L
3124,L
3125,L
3126,L
3127,L
3128,L
3129,L
3130,L
3131,L
3132,L
3133,L
3134,L
3135,L
3136,L
3137,L
3138,L
3139,L
3140,L
3141,L
3142,L
3143,L
3144,L
3145,L
3146,L
3147,L
3148,L
3149,L
3150,L
3151,L
3152,L
3153,L
3154,L
3155,L
3156,L
3157,L
3158,L
3159,L
3160,L
3161,L
3162,L
3163,L
3164,L
3165,L
3166,L
3167,L
3168,L
3169,L
3170,L
3171,L
3172,L
3173,L
3174,L
3175,L
3176,L
3177,L
3178,L
3179,L
3180,L
3181,L
3182,L
3183,L
3184,L
3185,L
3186,L
3187,L
3188,L
3189,L
3190,L
3191,L
3192,L
3193,L
3194,L
3195,L
3196,L
3197,L
3198,L
3199,L
3200,L
3201,L
3202,L
3203,L
3204,L
3205,L
3206,L
3207,L
3208,L
3209,L
3210,L
3211,L
3212,L
3213,L
3214,L
3215,L
3216,L
3217,L
3218,L
3219,L
3220,L
3221,L
3222,L
3223,L
3224,L
3225,L
3226,L
3227,L
3228,L
3229,L
3230,L
3231,L
3232,L
3233,L
3234,L
3235,L
3236,L
3237,L
3238,L
3239,L
3240,L
3241,L
3242,L
3243,L
3244,L
3245,L
3246,L
3247,L
3248,L
3249,L
3250,L
3251,L
3252,L
3253,L
3254,L
3255,L
3256,L
3257,L
3258,L
3259,L
3260,L
3261,L
3262,L
3263,L
3264,L
3265,L
3266,L
3267,L
3268,L
3269,L
3270,L
3271,L
3272,L
3273,L
3274,L
3275,L
3276,L
3277,L
3278,L
3279,L
3280,L
3281,L
3282,L
3283,L
3284,L
3285,L
3286,L
3287,L
3288,L
3289,L
3290,L
3291,L
3292,L
3293,L
3294,L
3295,L
3296,L
3297,L
3298,L
3299,L
3300,L
3301,L
3302,L
3303,L
3304,L
3305,L
3306,L
3307,L
3308,L
3309,L
3310,L
3311,L
3312,L
3313,L
3314,L
3315,L
3316,L
3317,L
3318,L
3319,L
3320,L
3321,L
3322,L
3323,L
3324,L
3325,L
3326,L
3327,L
3328,L
3329,L
3330,L
3331,L
3332,L
3333,L
3334,L
3335,L
3336,L
3337,L
3338,L
3339,L
3340,L
3341,L
3342,L
3343,L
3344,L
3345,L
3346,L
3347,L
3348,L
3349,L
3350,L
3351,L
3352,L
3353,L
3354,L
3355,L
3356,L
3357,L
3358,L
3359,L
3360,L
3361,L
3362,L
3363,L
3364,L
3365,L
3366,L
3367,L
3368,L
3369,L
3370,L
3371,L
3372,L
3373,L
3374,L
3375,L
3376,L
3377,L
3378,L
3379,L
3380,L
3381,L
3382,L
3383,L
3384,L
3385,L
3386,L
3387,L
3388,L
3389,L
3390,L
3391,L
3392,L
3393,L
3394,L
3395,L
3396,L
3397,L
3398,L
3399,L
3400,L
3401,L
3402,L
3403,L
3404,L
3405,L
3406,L
3407,L
3408,L
3409,L
3410,L
3411,L
3412,L
3413,L
3414,L
3415,L
3416,L
3417,L
3418,L
3419,L
3420,L
3421,L
3422,L
3423,L
3424,L
3425,L
3426,L
3427,L
3428,L
3429,L
3430,L
3431,L
3432,L
3433,L
3434,L
3435,L
3436,L
3437,L
3438,L
3439,L
3440,L
3441,L
3442,L
3443,L
3444,L
3445,L
3446,L
3447,L
3448,L
3449,L
3450,L
3451,L
3452,L
3453,L
3454,L
3455,L
3456,L
3457,L
3458,L
3459,L
3460,L
3461,L
3462,L
3463,L
3464,L
3465,L
3466,L
3467,L
3468,L
3469,L
3470,L
3471,L
3472,L
3473,L
3474,L
3475,L
3476,L
3477,L
3478,L
3479,L
3480,L
3481,L
3482,L
3483,L
3484,L
3485,L
3486,L
3487,L
3488,L
3489,L
3490,L
3491,L
3492,L
3493,L
3494,L
3495,L
3496,L
3497,L
3498,L
3499,L
3500,L
3501,L
3502,L
3503,L
3504,L
3505,L
3506,L
3507,L
3508,L
3509,L
3510,L
3511,L
3512,L
3513,L
3514,L
3515,L
3516,L
3517,L
3518,L
3519,L
3520,L
3521,L
3522,L
3523,L
3524,L
3525,L
3526,L
3527,L
3528,L
3529,L
3530,L
3531,L
3532,L
3533,L
3534,L
3535,L
3536,L
3537,L
3538,L
3539,L
3540,L
3541,L
3542,L
3543,L
3544,L
3545,L
3546,L
3547,L
3548,L
3549,L
3550,L
3551,L
3552,L
3553,L
3554,L
3555,L
3556,L
3557,L
3558,L
3559,L
3560,L
3561,L
3562,L
3563,L
3564,L
3565,L
3566,L
3567,L
3568,L
3569,L
3570,L
3571,L
3572,L
3573,L
3574,L
3575,L
3576,L
3577,L
3578,L
3579,L
3580,L
3581,L
3582,L
3583,L
3584,L
3585,L
3586,L
3587,L
3588,L
3589,L
3590,L
3591,L
3592,L
3593,L
3594,L
3595,L
3596,L
3597,L
3598,L
3599,L
3600,L
3601,L
3602,L
3603,L
3604,L
3605,L
3606,L
3607,L
3608,L
3609,L
3610,L
3611,L
3612,L
3613,L
3614,L
3615,L
3616,L
3617,L
3618,L
3619,L
3620,L
3621,L
3622,L
3623,L
3624,L
3625,L
3626,L
3627,L
3628,L
3629,L
3630,L
3631,L
3632,L
3633,L
3634,L
3635,L
3636,L
3637,L
3638,L
3639,L
3640,L
3641,L
3642,L
3643,L
3644,L
3645,L
3646,L
3647,L
3648,L
3649,L
3650,L
3651,L
3652,L
3653,L
3654,L
3655,L
3656,L
3657,L
3658,L
3659,L
3660,L
3661,L
3662,L
3663,L
3664,L
3665,L
3666,L
3667,L
3668,L
3669,L
3670,L
3671,L
3672,L
3673,L
3674,L
3675,L
3676,L
3677,L
3678,L
3679,L
3680,L
3681,L
3682,L
3683,L
3684,L
3685,L
3686,L
3687,L
3688,L
3689,L
3690,L
3691,L
3692,L
3693,L
3694,L
3695,L
3696,L
3697,L
3698,L
3699,L
3700,L
3701,L
3702,L
3703,L
3704,L
3705,L
3706,L
3707,L
3708,L
3709,L
3710,L
3711,L
3712,L
3713,L
3714,L
3715,L
3716,L
3717,L
3718,L
3719,L
3720,L
3721,L
3722,L
3723,L
3724,L
3725,L
3726,L
3727,L
3728,L
3729,L
3730,L
3731,L
3732,L
3733,L
3734,L
3735,L
3736,L
3737,L
3738,L
3739,L
3740,L
3741,L
3742,L
3743,L
3744,L
3745,L
3746,L
3747,L
3748,L
3749,L
3750,L
3751,L
3752,L
3753,L
3754,L
3755,L
3756,L
3757,L
3758,L
3759,L
3760,L
3761,L
3762,L
3763,L
3764,L
3765,L
3766,L
3767,L
3768,L
3769,L
3770,L
3771,L
3772,L
3773,L
3774,L
3775,L
3776,L
3777,L
3778,L
3779,L
3780,L
3781,L
3782,L
3783,L
3784,L
3785,L
3786,L
3787,L
3788,L
3789,L
3790,L
3791,L
3792,L
3793,L
3794,L
3795,L
3796,L
3797,L
3798,L
3799,L
3800,L
3801,L
3802,L
3803,L
3804,L
3805,L
3806,L
3807,L
3808,L
3809,L
3810,L
3811,L
3812,L
3813,L
3814,L
3815,L
3816,L
3817,L
3818,L
3819,L
3820,L
3821,L
3822,L
3823,L
3824,L
3825,L
3826,L
3827,L
3828,L
3829,L
3830,L
3831,L
3832,L
3833,L
3834,L
3835,L
3836,L
3837,L
3838,L
3839,L
3840,L
3841,L
3842,L
3843,L
3844,L
3845,L
3846,L
3847,L
3848,L
3849,L
3850,L
3851,L
3852,L
3853,L
3854,L
3855,L
3856,L
3857,L
3858,L
3859,L
3860,L
3861,L
3862,L
3863,L
3864,L
3865,L
3866,L
3867,L
3868,L
3869,L
3870,L
3871,L
3872,L
3873,L
3874,L
3875,L
3876,L
3877,L
3878,L
3879,L
3880,L
3881,L
3882,L
3883,L
3884,L
3885,L
3886,L
3887,L
3888,L
3889,L
3890,L
3891,L
3892,L
3893,L
3894,L
3895,L
3896,L
3897,L
3898,L
3899,L
3900,L
3901,L
3902,L
3903,L
3904,L
3905,L
3906,L
3907,L
3908,L
3909,L
3910,L
3911,L
3912,L
3913,L
3914,L
3915,L
3916,L
3917,L
3918,L
3919,L
3920,L
3921,L
3922,L
3923,L
3924,L
3925,L
3926,L
3927,L
3928,L
3929,L
3930,L
3931,L
3932,L
3933,L
3934,L
3935,L
3936,L
3937,L
3938,L
3939,L
3940,L
3941,L
3942,L
3943,L
3944,L
3945,L
3946,L
3947,L
3948,L
3949,L
3950,L
3951,L
3952,L
3953,L
3954,L
3955,L
3956,L
3957,L
3958,L
3959,L
3960,L
3961,L
3962,L
3963,L
3964,L
3965,L
3966,L
3967,L
3968,L
3969,L
3970,L
3971,L
3972,L
3973,L
3974,L
3975,L
3976,L
3977,L
3978,L
3979,L
3980,L
3981,L
3982,L
3983,L
3984,L
3985,L
3986,L
3987,L
3988,L
3989,L
3990,L
3991,L
3992,L
3993,L
3994,L
3995,L
3996,L
3997,L
3998,L
3999,L
4000,L
4001,L
4002,L
4003,L
4004,L
4005,L
4006,L
4007,L
4008,L
4009,L
4010,L
4011,L
4012,L
4013,L
4014,L
4015,L
4016,L
4017,L
4018,L
4019,L
4020,L
4021,L
4022,L
4023,L
4024,L
4025,L
4026,L
4027,L
4028,L
4029,L
4030,L
4031,L
4032,L
4033,L
4034,L
4035,L
4036,L
4037,L
4038,L
4039,L
4040,L
4041,L
4042,L
4043,L
4044,L
4045,L
4046,L
4047,L
4048,L
4049,L
4050,L
4051,L
4052,L
4053,L
4054,L
4055,L
4056,L
4057,L
4058,L
4059,L
4060,L
4061,L
4062,L
4063,L
4064,L
4065,L
4066,L
4067,L
4068,L
4069,L
4070,L
4071,L
4072,L
4073,L
4074,L
4075,L
4076,L
4077,L
4078,L
4079,L
4080,L
4081,L
4082,L
4083,L
4084,L
4085,L
4086,L
4087,L
4088,L
4089,L
4090,L
4091,L
4092,L
4093,L
4094,L
4095,L
4096,L
4097,L
4098,L
4099,L
4100,L
4101,L
4102,L
4103,L
4104,L
4105,L
4106,L
4107,L
4108,L
4109,L
4110,L
4111,L
4112,L
4113,L
4114,L
4115,L
4116,L
4117,L
4118,L
4119,L
4120,L
4121,L
4122,L
4123,L
4124,L
4125,L
4126,L
4127,L
4128,L
4129,L
4130,L
4131,L
4132,L
4133,L
4134,L
4135,L
4136,L
4137,L
4138,L
4139,L
4140,L
4141,L
4142,L
4143,L
4144,L
4145,L
4146,L
4147,L
4148,L
4149,L
4150,L
4151,L
4152,L
4153,L
4154,L
4155,L
4156,L
4157,L
4158,L
4159,L
4160,L
4161,L
4162,L
4163,L
4164,L
4165,L
4166,L
4167,L
4168,L
4169,L
4170,L
4171,L
4172,L
4173,L
4174,L
4175,L
4176,L
4177,L
4178,L
4179,L
4180,L
4181,L
4182,L
4183,L
4184,L
4185,L
4186,L
4187,L
4188,L
4189,L
4190,L
4191,L
4192,L
4193,L
4194,L
4195,L
4196,L
4197,L
4198,L
4199,L
4200,L
4201,L
4202,L
4203,L
4204,L
4205,L
4206,L
4207,L
4208,L
4209,L
4210,L
4211,L
4212,L
4213,L
4214,L
4215,L
4216,L
4217,L
4218,L
4219,L
4220,L
4221,L
4222,L
4223,L
4224,L
4225,L
4226,L
4227,L
4228,L
4229,L
4230,L
4231,L
4232,L
4233,L
4234,L
4235,L
4236,L
4237,L
4238,L
4239,L
4240,L
4241,L
4242,L
4243,L
4244,L
4245,L
4246,L
4247,L
4248,L
4249,L
4250,L
4251,L
4252,L
4253,L
4254,L
4255,L
4256,L
4257,L
4258,L
4259,L
4260,L
4261,L
4262,L
4263,L
4264,L
4265,L
4266,L
4267,L
4268,L
4269,L
4270,L
4271,L
4272,L
4273,L
4274,L
4275,L
4276,L
4277,L
4278,L
4279,L
4280,L
4281,L
4282,L
4283,L
4284,L
4285,L
4286,L
4287,L
4288,L
4289,L
4290,L
4291,L
4292,L
4293,L
4294,L
4295,L
4296,L
4297,L
4298,L
4299,L
4300,L
4301,L
4302,L
4303,L
4304,L
4305,L
4306,L
4307,L
4308,L
4309,L
4310,L
4311,L
4312,L
4313,L
4314,L
4315,L
4316,L
4317,L
4318,L
4319,L
4320,L
4321,L
4322,L
4323,L
4324,L
4325,L
4326,L
4327,L
4328,L
4329,L
4330,L
4331,L
4332,L
4333,L
4334,L
4335,L
4336,L
4337,L
4338,L
4339,L
4340,L
4341,L
4342,L
4343,L
4344,L
4345,L
4346,L
4347,L
4348,L
4349,L
4350,L
4351,L
4352,L
4353,L
4354,L
4355,L
4356,L
4357,L
4358,L
4359,L
4360,L
4361,L
4362,L
4363,L
4364,L
4365,L
4366,L
4367,L
4368,L
4369,L
4370,L
4371,L
4372,L
4373,L
4374,L
4375,L
4376,L
4377,L
4378,L
4379,L
4380,L
4381,L
4382,L
4383,L
4384,L
4385,L
4386,L
4387,L
4388,L
4389,L
4390,L
4391,L
4392,L
4393,L
4394,L
4395,L
4396,L
4397,L
4398,L
4399,L
4400,L
4401,L
4402,L
4403,L
4404,L
4405,L
4406,L
4407,L
4408,L
4409,L
4410,L
4411,L
4412,L
4413,L
4414,L
4415,L
4416,L
4417,L
4418,L
4419,L
4420,L
4421,L
4422,L
4423,L
4424,L
4425,L
4426,L
4427,L
4428,L
4429,L
4430,L
4431,L
4432,L
4433,L
4434,L
4435,L
4436,L
4437,L
4438,L
4439,L
4440,L
4441,L
4442,L
4443,L
4444,L
4445,L
4446,L
4447,L
4448,L
4449,L
4450,L
4451,L
4452,L
4453,L
4454,L
4455,L
4456,L
4457,L
4458,L
4459,L
4460,L
4461,L
4462,L
4463,L
4464,L
4465,L
4466,L
4467,L
4468,L
4469,L
4470,L
4471,L
4472,L
4473,L
4474,L
4475,L
4476,L
4477,L
4478,L
4479,L
4480,L
4481,L
4482,L
4483,L
4484,L
4485,L
4486,L
4487,L
4488,L
4489,L
4490,L
4491,L
4492,L
4493,L
4494,L
4495,L
4496,L
4497,L
4498,L
4499,L
4500,L
4501,L
4502,L
4503,L
4504,L
4505,L
4506,L
4507,L
4508,L
4509,L
4510,L
4511,L
4512,L
4513,L
4514,L
4515,L
4516,L
4517,L
4518,L
4519,L
4520,L
4521,L
4522,L
4523,L
4524,L
4525,L
4526,L
4527,L
4528,L
4529,L
4530,L
4531,L
4532,L
4533,L
4534,L
4535,L
4536,L
4537,L
4538,L
4539,L
4540,L
4541,L
4542,L
4543,L
4544,L
4545,L
4546,L
4547,L
4548,L
4549,L
4550,L
4551,L
4552,L
4553,L
4554,L
4555,L
4556,L
4557,L
4558,L
4559,L
4560,L
4561,L
4562,L
4563,L
4564,L
4565,L
4566,L
4567,L
4568,L
4569,L
4570,L
4571,L
4572,L
4573,L
4574,L
4575,L
4576,L
4577,L
4578,L
4579,L
4580,L
4581,L
4582,L
4583,L
4584,L
4585,L
4586,L
4587,L
4588,L
4589,L
4590,L
4591,L
4592,L
4593,L
4594,L
4595,L
4596,L
4597,L
4598,L
4599,L
4600,L
4601,L
4602,L
4603,L
4604,L
4605,L
4606,L
4607,L
4608,L
4609,L
4610,L
4611,L
4612,L
4613,L
4614,L
4615,L
4616,L
4617,L
4618,L
4619,L
4620,L
4621,L
4622,L
4623,L
4624,L
4625,L
4626,L
4627,L
4628,L
4629,L
4630,L
4631,L
4632,L
4633,L
4634,L
4635,L
4636,L
4637,L
4638,L
4639,L
4640,L
4641,L
4642,L
4643,L
4644,L
4645,L
4646,L
4647,L
4648,L
4649,L
4650,L
4651,L
4652,L
4653,L
4654,L
4655,L
4656,L
4657,L
4658,L
4659,L
4660,L
4661,L
4662,L
4663,L
4664,L
4665,L
4666,L
4667,L
4668,L
4669,L
4670,L
4671,L
4672,L
4673,L
4674,L
4675,L
4676,L
4677,L
4678,L
4679,L
4680,L
4681,L
4682,L
4683,L
4684,L
4685,L
4686,L
4687,L
4688,L
4689,L
4690,L
4691,L
4692,L
4693,L
4694,L
4695,L
4696,L
4697,L
4698,L
4699,L
4700,L
4701,L
4702,L
4703,L
4704,L
4705,L
4706,L
4707,L
4708,L
4709,L
4710,L
4711,L
4712,L
4713,L
4714,L
4715,L
4716,L
4717,L
4718,L
4719,L
4720,L
4721,L
4722,L
4723,L
4724,L
4725,L
4726,L
4727,L
4728,L
4729,L
4730,L
4731,L
4732,L
4733,L
4734,L
4735,L
4736,L
4737,L
4738,L
4739,L
4740,L
4741,L
4742,L
4743,L
4744,L
4745,L
4746,L
4747,L
4748,L
4749,L
4750,L
4751,L
4752,L
4753,L
4754,L
4755,L
4756,L
4757,L
4758,L
4759,L
4760,L
4761,L
4762,L
4763,L
4764,L
4765,L
4766,L
4767,L
4768,L
4769,L
4770,L
4771,L
4772,L
4773,L
4774,L
4775,L
4776,L
4777,L
4778,L
4779,L
4780,L
4781,L
4782,L
4783,L
4784,L
4785,L
4786,L
4787,L
4788,L
4789,L
4790,L
4791,L
4792,L
4793,L
4794,L
4795,L
4796,L
4797,L
4798,L
4799,L
4800,L
4801,L
4802,L
4803,L
4804,L
4805,L
4806,L
4807,L
4808,L
4809,L
4810,L
4811,L
4812,L
4813,L
4814,L
4815,L
4816,L
4817,L
4818,L
4819,L
4820,L
4821,L
4822,L
4823,L
4824,L
4825,L
4826,L
4827,L
4828,L
4829,L
4830,L
4831,L
4832,L
4833,L
4834,L
4835,L
4836,L
4837,L
4838,L
4839,L
4840,L
4841,L
4842,L
4843,L
4844,L
4845,L
4846,L
4847,L
4848,L
4849,L
4850,L
4851,L
4852,L
4853,L
4854,L
4855,L
4856,L
4857,L
4858,L
4859,L
4860,L
4861,L
4862,L
4863,L
4864,L
4865,L
4866,L
4867,L
4868,L
4869,L
4870,L
4871,L
4872,L
4873,L
4874,L
4875,L
4876,L
4877,L
4878,L
4879,L
4880,L
4881,L
4882,L
4883,L
4884,L
4885,L
4886,L
4887,L
4888,L
4889,L
4890,L
4891,L
4892,L
4893,L
4894,L
4895,L
4896,L
4897,L
4898,L
4899,L
4900,L
4901,L
4902,L
4903,L
4904,L
4905,L
4906,L
4907,L
4908,L
4909,L
4910,L
4911,L
4912,L
4913,L
4914,L
4915,L
4916,L
4917,L
4918,L
4919,L
4920,L
4921,L
4922,L
4923,L
4924,L
4925,L
4926,L
4927,L
4928,L
4929,L
4930,L
4931,L
4932,L
4933,L
4934,L
4935,L
4936,L
4937,L
4938,L
4939,L
4940,L
4941,L
4942,L
4943,L
4944,L
4945,L
4946,L
4947,L
4948,L
4949,L
4950,L
4951,L
4952,L
4953,L
4954,L
4955,L
4956,L
4957,L
4958,L
4959,L
4960,L
4961,L
4962,L
4963,L
4964,L
4965,L
4966,L
4967,L
4968,L
4969,L
4970,L
4971,L
4972,L
4973,L
4974,L
4975,L
4976,L
4977,L
4978,L
4979,L
4980,L
4981,L
4982,L
4983,L
4984,L
4985,L
4986,L
4987,L
4988,L
4989,L
4990,L
4991,L
4992,L
4993,L
4994,L
4995,L
4996,L
4997,L
4998,L
4999,L
5000,L
5001,L
5002,L
5003,L
5004,L
5005,L
5006,L
5007,L
5008,L
5009,L
5010,L
5011,L
5012,L
5013,L
5014,L
5015,L
5016,L
5017,L
5018,L
5019,L
5020,L
5021,L
5022,L
5023,L
5024,L
5025,L
5026,L
5027,L
5028,L
5029,L
5030,L
5031,L
5032,L
5033,L
5034,L
5035,L
5036,L
5037,L
5038,L
5039,L
5040,L
5041,L
5042,L
5043,L
5044,L
5045,L
5046,L
5047,L
5048,L
5049,L
5050,L
5051,L
5052,L
5053,L
5054,L
5055,L
5056,L
5057,L
5058,L
5059,L
5060,L
5061,L
5062,L
5063,L
5064,L
5065,L
5066,L
5067,L
5068,L
5069,L
5070,L
5071,L
5072,L
5073,L
5074,L
5075,L
5076,L
5077,L
5078,L
5079,L
5080,L
5081,L
5082,L
5083,L
5084,L
5085,L
5086,L
5087,L
5088,L
5089,L
5090,L
5091,L
5092,L
5093,L
5094,L
5095,L
5096,L
5097,L
5098,L
5099,L
5100,L
5101,L
5102,L
5103,L
5104,L
5105,L
5106,L
5107,L
5108,L
5109,L
5110,L
5111,L
5112,L
5113,L
5114,L
5115,L
5116,L
5117,L
5118,L
5119,L
5120,L
5121,L
5122,L
5123,L
5124,L
5125,L
5126,L
5127,L
5128,L
5129,L
5130,L
5131,L
5132,L
5133,L
5134,L
5135,L
5136,L
5137,L
5138,L
5139,L
5140,L
5141,L
5142,L
5143,L
5144,L
5145,L
5146,L
5147,L
5148,L
5149,L
5150,L
5151,L
5152,L
5153,L
5154,L
5155,L
5156,L
5157,L
5158,L
5159,L
5160,L
5161,L
5162,L
5163,L
5164,L
5165,L
5166,L
5167,L
5168,L
5169,L
5170,L
5171,L
5172,L
5173,L
5174,L
5175,L
5176,L
5177,L
5178,L
5179,L
5180,L
5181,L
5182,L
5183,L
5184,L
5185,L
5186,L
5187,L
5188,L
5189,L
5190,L
5191,L
5192,L
5193,L
5194,L
5195,L
5196,L
5197,L
5198,L
5199,L
5200,L
5201,L
5202,L
5203,L
5204,L
5205,L
5206,L
5207,L
5208,L
5209,L
5210,L
5211,L
5212,L
5213,L
5214,L
5215,L
5216,L
5217,L
5218,L
5219,L
5220,L
5221,L
5222,L
5223,L
5224,L
5225,L
5226,L
5227,L
5228,L
5229,L
5230,L
5231,L
5232,L
5233,L
5234,L
5235,L
5236,L
5237,L
5238,L
5239,L
5240,L
5241,L
5242,L
5243,L
5244,L
5245,L
5246,L
5247,L
5248,L
5249,L
5250,L
5251,L
5252,L
5253,L
5254,L
5255,L
5256,L
5257,L
5258,L
5259,L
5260,L
5261,L
5262,L
5263,L
5264,L
5265,L
5266,L
5267,L
5268,L
5269,L
5270,L
5271,L
5272,L
5273,L
5274,L
5275,L
5276,L
5277,L
5278,L
5279,L
5280,L
5281,L
5282,L
5283,L
5284,L
5285,L
5286,L
5287,L
5288,L
5289,L
5290,L
5291,L
5292,L
5293,L
5294,L
5295,L
5296,L
5297,L
5298,L
5299,L
5300,L
5301,L
5302,L
5303,L
5304,L
5305,L
5306,L
5307,L
5308,L
5309,L
5310,L
5311,L
5312,L
5313,L
5314,L
5315,L
5316,L
5317,L
5318,L
5319,L
5320,L
5321,L
5322,L
5323,L
5324,L
5325,L
5326,L
5327,L
5328,L
5329,L
5330,L
5331,L
5332,L
5333,L
5334,L
5335,L
5336,L
5337,L
5338,L
5339,L
5340,L
5341,L
5342,L
5343,L
5344,L
5345,L
5346,L
5347,L
5348,L
5349,L
5350,L
5351,L
5352,L
5353,L
5354,L
5355,L
5356,L
5357,L
5358,L
5359,L
5360,L
5361,L
5362,L
5363,L
5364,L
5365,L
5366,L
5367,L
5368,L
5369,L
5370,L
5371,L
5372,L
5373,L
5374,L
5375,L
5376,L
5377,L
5378,L
5379,L
5380,L
5381,L
5382,L
5383,L
5384,L
5385,L
5386,L
5387,L
5388,L
5389,L
5390,L
5391,L
5392,L
5393,L
5394,L
5395,L
5396,L
5397,L
5398,L
5399,L
5400,L
5401,L
5402,L
5403,L
5404,L
5405,L
5406,L
5407,L
5408,L
5409,L
5410,L
5411,L
5412,L
5413,L
5414,L
5415,L
5416,L
5417,L
5418,L
5419,L
5420,L
5421,L
5422,L
5423,L
5424,L
5425,L
5426,L
5427,L
5428,L
5429,L
5430,L
5431,L
5432,L
5433,L
5434,L
5435,L
5436,L
5437,L
5438,L
5439,L
5440,L
5441,L
5442,L
5443,L
5444,L
5445,L
5446,L
5447,L
5448,L
5449,L
5450,L
5451,L
5452,L
5453,L
5454,L
5455,L
5456,L
5457,L
5458,L
5459,L
5460,L
5461,L
5462,L
5463,L
5464,L
5465,L
5466,L
5467,L
5468,L
5469,L
5470,L
5471,L
5472,L
5473,L
5474,L
5475,L
5476,L
5477,L
5478,L
5479,L
5480,L
5481,L
5482,L
5483,L
5484,L
5485,L
5486,L
5487,L
5488,L
5489,L
5490,L
5491,L
5492,L
5493,L
5494,L
5495,L
5496,L
5497,L
5498,L
5499,L
5500,L
5501,L
5502,L
5503,L
5504,L
5505,L
5506,L
5507,L
5508,L
5509,L
5510,L
5511,L
5512,L
5513,L
5514,L
5515,L
5516,L
5517,L
5518,L
5519,L
5520,L
5521,L
5522,L
5523,L
5524,L
5525,L
5526,L
5527,L
5528,L
5529,L
5530,L
5531,L
5532,L
5533,L
5534,L
5535,L
5536,L
5537,L
5538,L
5539,L
5540,L
5541,L
5542,L
5543,L
5544,L
5545,L
5546,L
5547,L
5548,L
5549,L
5550,L
5551,L
5552,L
5553,L
5554,L
5555,L
5556,L
5557,L
5558,L
5559,L
5560,L
5561,L
5562,L
5563,L
5564,L
5565,L
5566,L
5567,L
5568,L
5569,L
5570,L
5571,L
5572,L
5573,L
5574,L
5575,L
5576,L
5577,L
5578,L
5579,L
5580,L
5581,L
5582,L
5583,L
5584,L
5585,L
5586,L
5587,L
5588,L
5589,L
5590,L
5591,L
5592,L
5593,L
5594,L
5595,L
5596,L
5597,L
5598,L
5599,L
5600,L
5601,L
5602,L
5603,L
5604,L
5605,L
5606,L
5607,L
5608,L
5609,L
5610,L
5611,L
5612,L
5613,L
5614,L
5615,L
5616,L
5617,L
5618,L
5619,L
5620,L
5621,L
5622,L
5623,L
5624,L
5625,L
5626,L
5627,L
5628,L
5629,L
5630,L
5631,L
5632,L
5633,L
5634,L
5635,L
5636,L
5637,L
5638,L
5639,L
5640,L
5641,L
5642,L
5643,L
5644,L
5645,L
5646,L
5647,L
5648,L
5649,L
5650,L
5651,L
5652,L
5653,L
5654,L
5655,L
5656,L
5657,L
5658,L
5659,L
5660,L
5661,L
5662,L
5663,L
5664,L
5665,L
5666,L
5667,L
5668,L
5669,L
5670,L
5671,L
5672,L
5673,L
5674,L
5675,L
5676,L
5677,L
5678,L
5679,L
5680,L
5681,L
5682,L
5683,L
5684,L
5685,L
5686,L
5687,L
5688,L
5689,L
5690,L
5691,L
5692,L
5693,L
5694,L
5695,L
5696,L
5697,L
5698,L
5699,L
5700,L
5701,L
5702,L
5703,L
5704,L
5705,L
5706,L
5707,L
5708,L
5709,L
5710,L
5711,L
5712,L
5713,L
5714,L
5715,L
5716,L
5717,L
5718,L
5719,L
5720,L
5721,L
5722,L
5723,L
5724,L
5725,L
5726,L
5727,L
5728,L
5729,L
5730,L
5731,L
5732,L
5733,L
5734,L
5735,L
5736,L
5737,L
5738,L
5739,L
5740,L
5741,L
5742,L
5743,L
5744,L
5745,L
5746,L
5747,L
5748,L
5749,L
5750,L
5751,L
5752,L
5753,L
5754,L
5755,L
5756,L
5757,L
5758,L
5759,L
5760,L
5761,L
5762,L
5763,L
5764,L
5765,L
5766,L
5767,L
5768,L
5769,L
5770,L
5771,L
5772,L
5773,L
5774,L
5775,L
5776,L
5777,L
5778,L
5779,L
5780,L
5781,L
5782,L
5783,L
5784,L
5785,L
5786,L
5787,L
5788,L
5789,L
5790,L
5791,L
5792,L
5793,L
5794,L
5795,L
5796,L
5797,L
5798,L
5799,L
5800,L
5801,L
5802,L
5803,L
5804,L
5805,L
5806,L
5807,L
5808,L
5809,L
5810,L
5811,L
5812,L
5813,L
5814,L
5815,L
5816,L
5817,L
5818,L
5819,L
5820,L
5821,L
5822,L
5823,L
5824,L
5825,L
5826,L
5827,L
5828,L
5829,L
5830,L
5831,L
5832,L
5833,L
5834,L
5835,L
5836,L
5837,L
5838,L
5839,L
5840,L
5841,L
5842,L
5843,L
5844,L
5845,L
5846,L
5847,L
5848,L
5849,L
5850,L
5851,L
5852,L
5853,L
5854,L
5855,L
5856,L
5857,L
5858,L
5859,L
5860,L
5861,L
5862,L
5863,L
5864,L
5865,L
5866,L
5867,L
5868,L
5869,L
5870,L
5871,L
5872,L
5873,L
5874,L
5875,L
5876,L
5877,L
5878,L
5879,L
5880,L
5881,L
5882,L
5883,L
5884,L
5885,L
5886,L
5887,L
5888,L
5889,L
5890,L
5891,L
5892,L
5893,L
5894,L
5895,L
5896,L
5897,L
5898,L
5899,L
5900,L
5901,L
5902,L
5903,L
5904,L
5905,L
5906,L
5907,L
5908,L
5909,L
5910,L
5911,L
5912,L
5913,L
5914,L
5915,L
5916,L
5917,L
5918,L
5919,L
5920,L
5921,L
5922,L
5923,L
5924,L
5925,L
5926,L
5927,L
5928,L
5929,L
5930,L
5931,L
5932,L
5933,L
5934,L
5935,L
5936,L
5937,L
5938,L
5939,L
5940,L
5941,L
5942,L
5943,L
5944,L
5945,L
5946,L
5947,L
5948,L
5949,L
5950,L
5951,L
5952,L
5953,L
5954,L
5955,L
5956,L
5957,L
5958,L
5959,L
5960,L
5961,L
5962,L
5963,L
5964,L
5965,L
5966,L
5967,L
5968,L
5969,L
5970,L
5971,L
5972,L
5973,L
5974,L
5975,L
5976,L
5977,L
5978,L
5979,L
5980,L
5981,L
5982,L
5983,L
5984,L
5985,L
5986,L
5987,L
5988,L
5989,L
5990,L
5991,L
5992,L
5993,L
5994,L
5995,L
5996,L
5997,L
5998,L
5999,L
6000,L
6001,L
6002,L
6003,L
6004,L
6005,L
6006,L
6007,L
6008,L
6009,L
6010,L
6011,L
6012,L
6013,L
6014,L
6015,L
6016,L
6017,L
6018,L
6019,L
6020,L
6021,L
6022,L
6023,L
6024,L
6025,L
6026,L
6027,L
6028,L
6029,L
6030,L
6031,L
6032,L
6033,L
6034,L
6035,L
6036,L
6037,L
6038,L
6039,L
6040,L
6041,L
6042,L
6043,L
6044,L
6045,L
6046,L
6047,L
6048,L
6049,L
6050,L
6051,L
6052,L
6053,L
6054,L
6055,L
6056,L
6057,L
6058,L
6059,L
6060,L
6061,L
6062,L
6063,L
6064,L
6065,L
6066,L
6067,L
6068,L
6069,L
6070,L
6071,L
6072,L
6073,L
6074,L
6075,L
6076,L
6077,L
6078,L
6079,L
6080,L
6081,L
6082,L
6083,L
6084,L
6085,L
6086,L
6087,L
6088,L
6089,L
6090,L
6091,L
6092,L
6093,L
6094,L
6095,L
6096,L
6097,L
6098,L
6099,L
6100,L
6101,L
6102,L
6103,L
6104,L
6105,L
6106,L
6107,L
6108,L
6109,L
6110,L
6111,L
6112,L
6113,L
6114,L
6115,L
6116,L
6117,L
6118,L
6119,L
6120,L
6121,L
6122,L
6123,L
6124,L
6125,L
6126,L
6127,L
6128,L
6129,L
6130,L
6131,L
6132,L
6133,L
6134,L
6135,L
6136,L
6137,L
6138,L
6139,L
6140,L
6141,L
6142,L
6143,L
6144,L
6145,L
6146,L
6147,L
6148,L
6149,L
6150,L
6151,L
6152,L
6153,L
6154,L
6155,L
6156,L
6157,L
6158,L
6159,L
6160,L
6161,L
6162,L
6163,L
6164,L
6165,L
6166,L
6167,L
6168,L
6169,L
6170,L
6171,L
6172,L
6173,L
6174,L
6175,L
6176,L
6177,L
6178,L
6179,L
6180,L
6181,L
6182,L
6183,L
6184,L
6185,L
6186,L
6187,L
6188,L
6189,L
6190,L
6191,L
6192,L
6193,L
6194,L
6195,L
6196,L
6197,L
6198,L
6199,L
6200,L
6201,L
6202,L
6203,L
6204,L
6205,L
6206,L
6207,L
6208,L
6209,L
6210,L
6211,L
6212,L
6213,L
6214,L
6215,L
6216,L
6217,L
6218,L
6219,L
6220,L
6221,L
6222,L
6223,L
6224,L
6225,L
6226,L
6227,L
6228,L
6229,L
6230,L
6231,L
6232,L
6233,L
6234,L
6235,L
6236,L
6237,L
6238,L
6239,L
6240,L
6241,L
6242,L
6243,L
6244,L
6245,L
6246,L
6247,L
6248,L
6249,L
6250,L
6251,L
6252,L
6253,L
6254,L
6255,L
6256,L
6257,L
6258,L
6259,L
6260,L
6261,L
6262,L
6263,L
6264,L
6265,L
6266,L
6267,L
6268,L
6269,L
6270,L
6271,L
6272,L
6273,L
6274,L
6275,L
6276,L
6277,L
6278,L
6279,L
6280,L
6281,L
6282,L
6283,L
6284,L
6285,L
6286,L
6287,L
6288,L
6289,L
6290,L
6291,L
6292,L
6293,L
6294,L
6295,L
6296,L
6297,L
6298,L
6299,L
6300,L
6301,L
6302,L
6303,L
6304,L
6305,L
6306,L
6307,L
6308,L
6309,L
6310,L
6311,L
6312,L
6313,L
6314,L
6315,L
6316,L
6317,L
6318,L
6319,L
6320,L
6321,L
6322,L
6323,L
6324,L
6325,L
6326,L
6327,L
6328,L
6329,L
6330,L
6331,L
6332,L
6333,L
6334,L
6335,L
6336,L
6337,L
6338,L
6339,L
6340,L
6341,L
6342,L
6343,L
6344,L
6345,L
6346,L
6347,L
6348,L
6349,L
6350,L
6351,L
6352,L
6353,L
6354,L
6355,L
6356,L
6357,L
6358,L
6359,L
6360,L
6361,L
6362,L
6363,L
6364,L
6365,L
6366,L
6367,L
6368,L
6369,L
6370,L
6371,L
6372,L
6373,L
6374,L
6375,L
6376,L
6377,L
6378,L
6379,L
6380,L
6381,L
6382,L
6383,L
6384,L
6385,L
6386,L
6387,L
6388,L
6389,L
6390,L
6391,L
6392,L
6393,L
6394,L
6395,L
6396,L
6397,L
6398,L
6399,L
6400,L
6401,L
6402,L
6403,L
6404,L
6405,L
6406,L
6407,L
6408,L
6409,L
6410,L
6411,L
6412,L
6413,L
6414,L
6415,L
6416,L
6417,L
6418,L
6419,L
6420,L
6421,L
6422,L
6423,L
6424,L
6425,L
6426,L
6427,L
6428,L
6429,L
6430,L
6431,L
6432,L
6433,L
6434,L
6435,L
6436,L
6437,L
6438,L
6439,L
6440,L
6441,L
6442,L
6443,L
6444,L
6445,L
6446,L
6447,L
6448,L
6449,L
6450,L
6451,L
6452,L
6453,L
6454,L
6455,L
6456,L
6457,L
6458,L
6459,L
6460,L
6461,L
6462,L
6463,L
6464,L
6465,L
6466,L
6467,L
6468,L
6469,L
6470,L
6471,L
6472,L
6473,L
6474,L
6475,L
6476,L
6477,L
6478,L
6479,L
6480,L
6481,L
6482,L
6483,L
6484,L
6485,L
6486,L
6487,L
6488,L
6489,L
6490,L
6491,L
6492,L
6493,L
6494,L
6495,L
6496,L
6497,L
6498,L
6499,L
6500,L
6501,L
6502,L
6503,L
6504,L
6505,L
6506,L
6507,L
6508,L
6509,L
6510,L
6511,L
6512,L
6513,L
6514,L
6515,L
6516,L
6517,L
6518,L
6519,L
6520,L
6521,L
6522,L
6523,L
6524,L
6525,L
6526,L
6527,L
6528,L
6529,L
6530,L
6531,L
6532,L
6533,L
6534,L
6535,L
6536,L
6537,L
6538,L
6539,L
6540,L
6541,L
6542,L
6543,L
6544,L
6545,L
6546,L
6547,L
6548,L
6549,L
6550,L
6551,L
6552,L
6553,L
6554,L
6555,L
6556,L
6557,L
6558,L
6559,L
6560,L
6561,L
6562,L
6563,L
6564,L
6565,L
6566,L
6567,L
6568,L
6569,L
6570,L
6571,L
6572,L
6573,L
6574,L
6575,L
6576,L
6577,L
6578,L
6579,L
6580,L
6581,L
6582,L
6583,L
6584,L
6585,L
6586,L
6587,L
6588,L
6589,L
6590,L
6591,L
6592,L
6593,L
6594,L
6595,L
6596,L
6597,L
6598,L
6599,L
6600,L
6601,L
6602,L
6603,L
6604,L
6605,L
6606,L
6607,L
6608,L
6609,L
6610,L
6611,L
6612,L
6613,L
6614,L
6615,L
6616,L
6617,L
6618,L
6619,L
6620,L
6621,L
6622,L
6623,L
6624,L
6625,L
6626,L
6627,L
6628,L
6629,L
6630,L
6631,L
6632,L
6633,L
6634,L
6635,L
6636,L
6637,L
6638,L
6639,L
6640,L
6641,L
6642,L
6643,L
6644,L
6645,L
6646,L
6647,L
6648,L
6649,L
6650,L
6651,L
6652,L
6653,L
6654,L
6655,L
6656,L
6657,L
6658,L
6659,L
6660,L
6661,L
6662,L
6663,L
6664,L
6665,L
6666,L
6667,L
6668,L
6669,L
6670,L
6671,L
6672,L
6673,L
6674,L
6675,L
6676,L
6677,L
6678,L
6679,L
6680,L
6681,L
6682,L
6683,L
6684,L
6685,L
6686,L
6687,L
6688,L
6689,L
6690,L
6691,L
6692,L
6693,L
6694,L
6695,L
6696,L
6697,L
6698,L
6699,L
6700,L
6701,L
6702,L
6703,L
6704,L
6705,L
6706,L
6707,L
6708,L
6709,L
6710,L
6711,L
6712,L
6713,L
6714,L
6715,L
6716,L
6717,L
6718,L
6719,L
6720,L
6721,L
6722,L
6723,L
6724,L
6725,L
6726,L
6727,L
6728,L
6729,L
6730,L
6731,L
6732,L
6733,L
6734,L
6735,L
6736,L
6737,L
6738,L
6739,L
6740,L
6741,L
6742,L
6743,L
6744,L
6745,L
6746,L
6747,L
6748,L
6749,L
6750,L
6751,L
6752,L
6753,L
6754,L
6755,L
6756,L
6757,L
6758,L
6759,L
6760,L
6761,L
6762,L
6763,L
6764,L
6765,L
6766,L
6767,L
6768,L
6769,L
6770,L
6771,L
6772,L
6773,L
6774,L
6775,L
6776,L
6777,L
6778,L
6779,L
6780,L
6781,L
6782,L
6783,L
6784,L
6785,L
6786,L
6787,L
6788,L
6789,L
6790,L
6791,L
6792,L
6793,L
6794,L
6795,L
6796,L
6797,L
6798,L
6799,L
6800,L
6801,L
6802,L
6803,L
6804,L
6805,L
6806,L
6807,L
6808,L
6809,L
6810,L
6811,L
6812,L
6813,L
6814,L
6815,L
6816,L
6817,L
6818,L
6819,L
6820,L
6821,L
6822,L
6823,L
6824,L
6825,L
6826,L
6827,L
6828,L
6829,L
6830,L
6831,L
6832,L
6833,L
6834,L
6835,L
6836,L
6837,L
6838,L
6839,L
6840,L
6841,L
6842,L
6843,L
6844,L
6845,L
6846,L
6847,L
6848,L
6849,L
6850,L
6851,L
6852,L
6853,L
6854,L
6855,L
6856,L
6857,L
6858,L
6859,L
6860,L
6861,L
6862,L
6863,L
6864,L
6865,L
6866,L
6867,L
6868,L
6869,L
6870,L
6871,L
6872,L
6873,L
6874,L
6875,L
6876,L
6877,L
6878,L
6879,L
6880,L
6881,L
6882,L
6883,L
6884,L
6885,L
6886,L
6887,L
6888,L
6889,L
6890,L
6891,L
6892,L
6893,L
6894,L
6895,L
6896,L
6897,L
6898,L
6899,L
6900,L
6901,L
6902,L
6903,L
6904,L
6905,L
6906,L
6907,L
6908,L
6909,L
6910,L
6911,L
6912,L
6913,L
6914,L
6915,L
6916,L
6917,L
6918,L
6919,L
6920,L
6921,L
6922,L
6923,L
6924,L
6925,L
6926,L
6927,L
6928,L
6929,L
6930,L
6931,L
6932,L
6933,L
6934,L
6935,L
6936,L
6937,L
6938,L
6939,L
6940,L
6941,L
6942,L
6943,L
6944,L
6945,L
6946,L
6947,L
6948,L
6949,L
6950,L
6951,L
6952,L
6953,L
6954,L
6955,L
6956,L
6957,L
6958,L
6959,L
6960,L
6961,L
6962,L
6963,L
6964,L
6965,L
6966,L
6967,L
6968,L
6969,L
6970,L
6971,L
6972,L
6973,L
6974,L
6975,L
6976,L
6977,L
6978,L
6979,L
6980,L
6981,L
6982,L
6983,L
6984,L
6985,L
6986,L
6987,L
6988,L
6989,L
6990,L
6991,L
6992,L
6993,L
6994,L
6995,L
6996,L
6997,L
6998,L
6999,L
7000,L
7001,L
7002,L
7003,L
7004,L
7005,L
7006,L
7007,L
7008,L
7009,L
7010,L
7011,L
7012,L
7013,L
7014,L
7015,L
7016,L
7017,L
7018,L
7019,L
7020,L
7021,L
7022,L
7023,L
7024,L
7025,L
7026,L
7027,L
7028,L
7029,L
7030,L
7031,L
7032,L
7033,L
7034,L
7035,L
7036,L
7037,L
7038,L
7039,L
7040,L
7041,L
7042,L
7043,L
7044,L
7045,L
7046,L
7047,L
7048,L
7049,L
7050,L
7051,L
7052,L
7053,L
7054,L
7055,L
7056,L
7057,L
7058,L
7059,L
7060,L
7061,L
7062,L
7063,L
7064,L
7065,L
7066,L
7067,L
7068,L
7069,L
7070,L
7071,L
7072,L
7073,L
7074,L
7075,L
7076,L
7077,L
7078,L
7079,L
7080,L
7081,L
7082,L
7083,L
7084,L
7085,L
7086,L
7087,L
7088,L
7089,L
7090,L
7091,L
7092,L
7093,L
7094,L
7095,L
7096,L
7097,L
7098,L
7099,L
7100,L
7101,L
7102,L
7103,L
7104,L
7105,L
7106,L
7107,L
7108,L
7109,L
7110,L
7111,L
7112,L
7113,L
7114,L
7115,L
7116,L
7117,L
7118,L
7119,L
7120,L
7121,L
7122,L
7123,L
7124,L
7125,L
7126,L
7127,L
7128,L
7129,L
7130,L
7131,L
7132,L
7133,L
7134,L
7135,L
7136,L
7137,L
7138,L
7139,L
7140,L
7141,L
7142,L
7143,L
7144,L
7145,L
7146,L
7147,L
7148,L
7149,L
7150,L
7151,L
7152,L
7153,L
7154,L
7155,L
7156,L
7157,L
7158,L
7159,L
7160,L
7161,L
7162,L
7163,L
7164,L
7165,L
7166,L
7167,L
7168,L
7169,L
7170,L
7171,L
7172,L
7173,L
7174,L
7175,L
7176,L
7177,L
7178,L
7179,L
7180,L
7181,L
7182,L
7183,L
7184,L
7185,L
7186,L
7187,L
7188,L
7189,L
7190,L
7191,L
7192,L
7193,L
7194,L
7195,L
7196,L
7197,L
7198,L
7199,L
7200,L
7201,L
7202,L
7203,L
7204,L
7205,L
7206,L
7207,L
7208,L
7209,L
7210,L
7211,L
7212,L
7213,L
7214,L
7215,L
7216,L
7217,L
7218,L
7219,L
7220,L
7221,L
7222,L
7223,L
7224,L
7225,L
7226,L
7227,L
7228,L
7229,L
7230,L
7231,L
7232,L
7233,L
7234,L
7235,L
7236,L
7237,L
7238,L
7239,L
7240,L
7241,L
7242,L
7243,L
7244,L
7245,L
7246,L
7247,L
7248,L
7249,L
7250,L
7251,L
7252,L
7253,L
7254,L
7255,L
7256,L
7257,L
7258,L
7259,L
7260,L
7261,L
7262,L
7263,L
7264,L
7265,L
7266,L
7267,L
7268,L
7269,L
7270,L
7271,L
7272,L
7273,L
7274,L
7275,L
7276,L
7277,L
7278,L
7279,L
7280,L
7281,L
7282,L
7283,L
7284,L
7285,L
7286,L
7287,L
7288,L
7289,L
7290,L
7291,L
7292,L
7293,L
7294,L
7295,L
7296,L
7297,L
7298,L
7299,L
7300,L
7301,L
7302,L
7303,L
7304,L
7305,L
7306,L
7307,L
7308,L
7309,L
7310,L
7311,L
7312,LL
7313,L
7314,L
7315,L
7316,L
7317,L
7318,L
7319,L
7320,L
7321,L
7322,L
7323,L
7324,L
7325,L
7326,L
7327,L
7328,L
7329,L
7330,L
7331,L
7332,L
7333,L
7334,L
7335,L
7336,L
7337,L
7338,L
7339,L
7340,L
7341,L
7342,L
7343,L
7344,L
7345,L
7346,L
7347,L
7348,L
7349,L
7350,L
7351,L
7352,L
7353,L
7354,L
7355,L
7356,L
7357,L
7358,L
7359,L
7360,L
7361,L
7362,L
7363,L
7364,L
7365,L
7366,L
7367,L
7368,L
7369,L
7370,L
7371,L
7372,L
7373,L
7374,L
7375,L
7376,L
7377,L
7378,L
7379,L
7380,L
7381,L
7382,L
7383,L
7384,L
7385,L
7386,L
7387,L
7388,L
7389,L
7390,L
7391,L
7392,L
7393,L
7394,L
7395,L
7396,L
7397,L
7398,L
7399,L
7400,L
7401,L
7402,L
7403,L
7404,L
7405,L
7406,L
7407,L
7408,L
7409,L
7410,L
7411,L
7412,L
7413,L
7414,L
7415,L
7416,L
7417,L
7418,L
7419,L
7420,L
7421,L
7422,L
7423,L
7424,L
7425,L
7426,L
7427,L
7428,L
7429,L
7430,L
7431,L
7432,L
7433,L
7434,L
7435,L
7436,L
7437,L
7438,L
7439,L
7440,L
7441,L
7442,L
7443,L
7444,L
7445,L
7446,L
7447,L
7448,L
7449,L
7450,L
7451,L
7452,L
7453,L
7454,L
7455,L
7456,L
7457,L
7458,L
7459,L
7460,L
7461,L
7462,L
7463,L
7464,L
7465,L
7466,L
7467,L
7468,L
7469,L
7470,L
7471,L
7472,L
7473,L
7474,L
7475,L
7476,L
7477,L
7478,L
7479,L
7480,L
7481,L
7482,L
7483,L
7484,L
7485,L
7486,L
7487,L
7488,L
7489,L
7490,L
7491,L
7492,L
7493,L
7494,L
7495,L
7496,L
7497,L
7498,L
7499,L
7500,L
7501,L
7502,L
7503,L
7504,L
7505,L
7506,L
7507,L
7508,L
7509,L
7510,L
7511,L
7512,L
7513,L
7514,L
7515,L
7516,L
7517,L
7518,L
7519,L
7520,L
7521,L
7522,L
7523,L
7524,L
7525,L
7526,L
7527,L
7528,L
7529,L
7530,L
7531,L
7532,L
7533,L
7534,L
7535,L
7536,L
7537,L
7538,L
7539,L
7540,L
7541,L
7542,L
7543,L
7544,L
7545,L
7546,L
7547,L
7548,L
7549,L
7550,L
7551,L
7552,L
7553,L
7554,L
7555,L
7556,L
7557,L
7558,L
7559,L
7560,L
7561,L
7562,L
7563,L
7564,L
7565,L
7566,L
7567,L
7568,L
7569,L
7570,L
7571,L
7572,L
7573,L
7574,L
7575,L
7576,L
7577,L
7578,L
7579,L
7580,L
7581,L
7582,L
7583,L
7584,L
7585,L
7586,L
7587,L
7588,L
7589,L
7590,L
7591,L
7592,L
7593,L
7594,L
7595,L
7596,L
7597,L
7598,L
7599,L
7600,L
7601,L
7602,L
7603,L
7604,L
7605,L
7606,L
7607,L
7608,L
7609,L
7610,L
7611,L
7612,L
7613,L
7614,L
7615,L
7616,L
7617,L
7618,L
7619,L
7620,L
7621,L
7622,L
7623,L
7624,L
7625,L
7626,L
7627,L
7628,L
7629,L
7630,L
7631,L
7632,L
7633,L
7634,L
7635,L
7636,L
7637,L
7638,L
7639,L
7640,L
7641,L
7642,L
7643,L
7644,L
7645,L
7646,L
7647,L
7648,L
7649,L
7650,L
7651,L
7652,L
7653,L
7654,L
7655,L
7656,L
7657,L
7658,L
7659,L
7660,L
7661,L
7662,L
7663,L
7664,L
7665,L
7666,L
7667,L
7668,L
7669,L
7670,L
7671,L
7672,L
7673,L
7674,L
7675,L
7676,L
7677,L
7678,L
7679,L
7680,L
7681,L
7682,L
7683,L
7684,L
7685,L
7686,L
7687,L
7688,L
7689,L
7690,L
7691,L
7692,L
7693,L
7694,L
7695,L
7696,L
7697,L
7698,L
7699,L
7700,L
7701,L
7702,L
7703,L
7704,L
7705,L
7706,L
7707,L
7708,L
7709,L
7710,L
7711,L
7712,L
7713,L
7714,L
7715,L
7716,L
7717,L
7718,L
7719,L
7720,L
7721,L
7722,L
7723,L
7724,L
7725,L
7726,L
7727,L
7728,L
7729,L
7730,L
7731,L
7732,L
7733,L
7734,L
7735,L
7736,L
7737,L
7738,L
7739,L
7740,L
7741,L
7742,L
7743,L
7744,L
7745,L
7746,L
7747,L
7748,L
7749,L
7750,L
7751,L
7752,L
7753,L
7754,L
7755,L
7756,L
7757,L
7758,L
7759,L
7760,L
7761,L
7762,L
7763,L
7764,L
7765,L
7766,L
7767,L
7768,L
7769,L
7770,L
7771,L
7772,L
7773,L
7774,L
7775,L
7776,L
7777,L
7778,L
7779,L
7780,L
7781,L
7782,L
7783,L
7784,L
7785,L
7786,L
7787,L
7788,L
7789,L
7790,L
7791,L
7792,L
7793,L
7794,L
7795,L
7796,L
7797,L
7798,L
7799,L
7800,L
7801,L
7802,L
7803,L
7804,L
7805,L
7806,L
7807,L
7808,L
7809,L
7810,L
7811,L
7812,L
7813,L
7814,L
7815,L
7816,L
7817,L
7818,L
7819,L
7820,L
7821,L
7822,L
7823,L
7824,L
7825,L
7826,L
7827,L
7828,L
7829,L
7830,L
7831,L
7832,L
7833,L
7834,L
7835,L
7836,L
7837,L
7838,L
7839,L
7840,L
7841,L
7842,L
7843,L
7844,L
7845,L
7846,L
7847,L
7848,L
7849,L
7850,L
7851,L
7852,L
7853,L
7854,L
7855,L
7856,L
7857,L
7858,L
7859,L
7860,L
7861,L
7862,L
7863,L
7864,L
7865,L
7866,L
7867,L
7868,L
7869,L
7870,L
7871,L
7872,L
7873,L
7874,L
7875,L
7876,L
7877,L
7878,L
7879,L
7880,L
7881,L
7882,L
7883,L
7884,L
7885,L
7886,L
7887,L
7888,L
7889,L
7890,L
7891,L
7892,L
7893,L
7894,L
7895,L
7896,L
7897,L
7898,L
7899,L
7900,L
7901,L
7902,L
7903,L
7904,L
7905,L
7906,L
7907,L
7908,L
7909,L
7910,L
7911,L
7912,L
7913,L
7914,L
7915,L
7916,L
7917,L
7918,L
7919,L
7920,L
7921,L
7922,L
7923,L
7924,L
7925,L
7926,L
7927,L
7928,L
7929,L
7930,L
7931,L
7932,L
7933,L
7934,L
7935,L
7936,L
7937,L
7938,L
7939,L
7940,L
7941,L
7942,L
7943,L
7944,L
7945,L
7946,L
7947,L
7948,L
7949,L
7950,L
7951,L
7952,L
7953,L
7954,L
7955,L
7956,L
7957,L
7958,L
7959,L
7960,L
7961,L
7962,L
7963,L
7964,L
7965,L
7966,L
7967,L
7968,L
7969,L
7970,L
7971,L
7972,L
7973,L
7974,L
7975,L
7976,L
7977,L
7978,L
7979,L
7980,L
7981,L
7982,L
7983,L
7984,L
7985,L
7986,L
7987,L
7988,L
7989,L
7990,L
7991,L
7992,L
7993,L
7994,L
7995,L
7996,L
7997,L
7998,L
7999,L
8000,L
8001,L
8002,L
8003,L
8004,L
8005,L
8006,L
8007,L
8008,L
8009,L
8010,L
8011,L
8012,L
8013,L
8014,L
8015,L
8016,L
8017,L
8018,L
8019,L
8020,L
8021,L
8022,L
8023,L
8024,L
8025,L
8026,L
8027,L
8028,L
8029,L
8030,L
8031,L
8032,L
8033,L
8034,L
8035,L
8036,L
8037,L
8038,L
8039,L
8040,L
8041,L
8042,L
8043,L
8044,L
8045,L
8046,L
8047,L
8048,L
8049,L
8050,L
8051,L
8052,L
8053,L
8054,L
8055,L
8056,L
8057,L
8058,L
8059,L
8060,L
8061,L
8062,L
8063,L
8064,L
8065,L
8066,L
8067,L
8068,L
8069,L
8070,L
8071,L
8072,L
8073,L
8074,L
8075,L
8076,L
8077,L
8078,L
8079,L
8080,L
8081,L
8082,L
8083,L
8084,L
8085,L
8086,L
8087,L
8088,L
8089,L
8090,L
8091,L
8092,L
8093,L
8094,L
8095,L
8096,L
8097,L
8098,L
8099,L
8100,L
8101,L
8102,L
8103,L
8104,L
8105,L
8106,L
8107,L
8108,L
8109,L
8110,L
8111,L
8112,L
8113,L
8114,L
8115,L
8116,L
8117,L
8118,L
8119,L
8120,L
8121,L
8122,L
8123,L
8124,L
8125,L
8126,L
8127,L
8128,L
8129,L
8130,L
8131,L
8132,L
8133,L
8134,L
8135,L
8136,L
8137,L
8138,L
8139,L
8140,L
8141,L
8142,L
8143,L
8144,L
8145,L
8146,L
8147,L
8148,L
8149,L
8150,L
8151,L
8152,L
8153,L
8154,L
8155,L
8156,L
8157,L
8158,L
8159,L
8160,L
8161,L
8162,L
8163,L
8164,L
8165,L
8166,L
8167,L
8168,L
8169,L
8170,L
8171,L
8172,L
8173,L
8174,L
8175,L
8176,L
8177,L
8178,L
8179,L
8180,L
8181,L
8182,L
8183,L
8184,L
8185,L
8186,L
8187,L
8188,L
8189,L
8190,L
8191,L
8192,L
8193,L
8194,L
8195,L
8196,L
8197,L
8198,L
8199,L
8200,L
8201,L
8202,L
8203,L
8204,L
8205,L
8206,L
8207,L
8208,L
8209,L
8210,L
8211,L
8212,L
8213,L
8214,L
8215,L
8216,L
8217,L
8218,L
8219,L
8220,L
8221,L
8222,L
8223,L
8224,L
8225,L
8226,L
8227,L
8228,L
8229,L
8230,L
8231,L
8232,L
8233,L
8234,L
8235,L
8236,L
8237,L
8238,L
8239,L
8240,L
8241,L
8242,L
8243,L
8244,L
8245,L
8246,L
8247,L
8248,L
8249,L
8250,L
8251,L
8252,L
8253,L
8254,L
8255,L
8256,L
8257,L
8258,L
8259,L
8260,L
8261,L
8262,L
8263,L
8264,L
8265,L
8266,L
8267,L
8268,L
8269,L
8270,L
8271,L
8272,L
8273,L
8274,L
8275,L
8276,L
8277,L
8278,L
8279,L
8280,L
8281,L
8282,L
8283,L
8284,L
8285,L
8286,L
8287,L
8288,L
8289,L
8290,L
8291,L
8292,L
8293,L
8294,L
8295,L
8296,L
8297,L
8298,L
8299,L
8300,L
8301,L
8302,L
8303,L
8304,L
8305,L
8306,L
8307,L
8308,L
8309,L
8310,L
8311,L
8312,L
8313,L
8314,L
8315,L
8316,L
8317,L
8318,L
8319,L
8320,L
8321,L
8322,L
8323,L
8324,L
8325,L
8326,L
8327,L
8328,L
8329,L
8330,L
8331,L
8332,L
8333,L
8334,L
8335,L
8336,L
8337,L
8338,L
8339,L
8340,L
8341,L
8342,L
8343,L
8344,L
8345,L
8346,L
8347,L
8348,L
8349,L
8350,L
8351,L
8352,L
8353,L
8354,L
8355,L
8356,L
8357,L
8358,L
8359,L
8360,L
8361,L
8362,L
8363,L
8364,L
8365,L
8366,L
8367,L
8368,L
8369,L
8370,L
8371,L
8372,L
8373,L
8374,L
8375,L
8376,L
8377,L
8378,L
8379,L
8380,L
8381,L
8382,L
8383,L
8384,L
8385,L
8386,L
8387,L
8388,L
8389,L
8390,L
8391,L
8392,L
8393,L
8394,L
8395,L
8396,L
8397,L
8398,L
8399,L
8400,L
8401,L
8402,L
8403,L
8404,L
8405,L
8406,L
8407,L
8408,L
8409,L
8410,L
8411,L
8412,L
8413,L
8414,L
8415,L
8416,L
8417,L
8418,L
8419,L
8420,L
8421,L
8422,L
8423,L
8424,L
8425,L
8426,L
8427,L
8428,L
8429,L
8430,L
8431,L
8432,L
8433,L
8434,L
8435,L
8436,L
8437,L
8438,L
8439,L
8440,L
8441,L
8442,L
8443,L
8444,L
8445,L
8446,L
8447,L
8448,L
8449,L
8450,L
8451,L
8452,L
8453,L
8454,L
8455,L
8456,L
8457,L
8458,L
8459,L
8460,L
8461,L
8462,L
8463,L
8464,L
8465,L
8466,L
8467,L
8468,L
8469,L
8470,L
8471,L
8472,L
8473,L
8474,L
8475,L
8476,L
8477,L
8478,L
8479,L
8480,L
8481,L
8482,L
8483,L
8484,L
8485,L
8486,L
8487,L
8488,L
8489,L
8490,L
8491,L
8492,L
8493,L
8494,L
8495,L
8496,L
8497,L
8498,L
8499,L
8500,L
8501,L
8502,L
8503,L
8504,L
8505,L
8506,L
8507,L
8508,L
8509,L
8510,L
8511,L
8512,L
8513,L
8514,L
8515,L
8516,L
8517,L
8518,L
8519,L
8520,L
8521,L
8522,L
8523,L
8524,L
8525,L
8526,L
8527,L
8528,L
8529,L
8530,L
8531,L
8532,L
8533,L
8534,L
8535,L
8536,L
8537,L
8538,L
8539,L
8540,L
8541,L
8542,L
8543,L
8544,L
8545,L
8546,L
8547,L
8548,L
8549,L
8550,L
8551,L
8552,L
8553,L
8554,L
8555,L
8556,L
8557,L
8558,L
8559,L
8560,L
8561,L
8562,L
8563,L
8564,L
8565,L
8566,L
8567,L
8568,L
8569,L
8570,L
8571,L
8572,L
8573,L
8574,L
8575,L
8576,L
8577,L
8578,L
8579,L
8580,L
8581,L
8582,L
8583,L
8584,L
8585,L
8586,L
8587,L
8588,L
8589,L
8590,L
8591,L
8592,L
8593,L
8594,L
8595,L
8596,L
8597,L
8598,L
8599,L
8600,L
8601,L
8602,L
8603,L
8604,L
8605,L
8606,L
8607,L
8608,L
8609,L
8610,L
8611,L
8612,L
8613,L
8614,L
8615,L
8616,L
8617,L
8618,L
8619,L
8620,L
8621,L
8622,L
8623,L
8624,L
8625,L
8626,L
8627,L
8628,L
8629,L
8630,L
8631,L
8632,L
8633,L
8634,L
8635,L
8636,L
8637,L
8638,L
8639,L
8640,L
8641,L
8642,L
8643,L
8644,L
8645,L
8646,L
8647,L
8648,L
8649,L
8650,L
8651,L
8652,L
8653,L
8654,L
8655,L
8656,L
8657,L
8658,L
8659,L
8660,L
8661,L
8662,L
8663,L
8664,L
8665,L
8666,L
8667,L
8668,L
8669,L
8670,L
8671,L
8672,L
8673,L
8674,L
8675,L
8676,L
8677,L
8678,L
8679,L
8680,L
8681,L
8682,L
8683,L
8684,L
8685,L
8686,L
8687,L
8688,L
8689,L
8690,L
8691,L
8692,L
8693,L
8694,L
8695,L
8696,L
8697,L
8698,L
8699,L
8700,L
8701,L
8702,L
8703,L
8704,L
8705,L
8706,L
8707,L
8708,L
8709,L
8710,L
8711,L
8712,L
8713,L
8714,L
8715,L
8716,L
8717,L
8718,L
8719,L
8720,L
8721,L
8722,L
8723,L
8724,L
8725,L
8726,L
8727,L
8728,L
8729,L
8730,L
8731,L
8732,L
8733,L
8734,L
8735,L
8736,L
8737,L
8738,L
8739,L
8740,L
8741,L
8742,L
8743,L
8744,L
8745,L
8746,L
8747,L
8748,L
8749,L
8750,L
8751,L
8752,L
8753,L
8754,L
8755,L
8756,L
8757,L
8758,L
8759,L
8760,L
8761,L
8762,L
8763,L
8764,L
8765,L
8766,L
8767,L
8768,L
8769,L
8770,L
8771,L
8772,L
8773,L
8774,L
8775,L
8776,L
8777,L
8778,L
8779,L
8780,L
8781,L
8782,L
8783,L
8784,L
8785,L
8786,L
8787,L
8788,L
8789,L
8790,L
8791,L
8792,L
8793,L
8794,L
8795,L
8796,L
8797,L
8798,L
8799,L
8800,L
8801,L
8802,L
8803,L
8804,L
8805,L
8806,L
8807,L
8808,L
8809,L
8810,L
8811,L
8812,L
8813,L
8814,L
8815,L
8816,L
8817,L
8818,L
8819,L
8820,L
8821,L
8822,L
8823,L
8824,L
8825,L
8826,L
8827,L
8828,L
8829,L
8830,L
8831,L
8832,L
8833,L
8834,L
8835,L
8836,L
8837,L
8838,L
8839,L
8840,L
8841,L
8842,L
8843,L
8844,L
8845,L
8846,L
8847,L
8848,L
8849,L
8850,L
8851,L
8852,L
8853,L
8854,L
8855,L
8856,L
8857,L
8858,L
8859,L
8860,L
8861,L
8862,L
8863,L
8864,L
8865,L
8866,L
8867,L
8868,L
8869,L
8870,L
8871,L
8872,L
8873,L
8874,L
8875,L
8876,L
8877,L
8878,L
8879,L
8880,L
8881,L
8882,L
8883,L
8884,L
8885,L
8886,L
8887,L
8888,L
8889,L
8890,L
8891,L
8892,L
8893,L
8894,L
8895,L
8896,L
8897,L
8898,L
8899,L
8900,L
8901,L
8902,L
8903,L
8904,L
8905,L
8906,L
8907,L
8908,L
8909,L
8910,L
8911,L
8912,L
8913,L
8914,L
8915,L
8916,L
8917,L
8918,L
8919,L
8920,L
8921,L
8922,L
8923,L
8924,L
8925,L
8926,L
8927,L
8928,L
8929,L
8930,L
8931,L
8932,L
8933,L
8934,L
8935,L
8936,L
8937,L
8938,L
8939,L
8940,L
8941,L
8942,L
8943,L
8944,L
8945,L
8946,L
8947,L
8948,L
8949,L
8950,L
8951,L
8952,L
8953,L
8954,L
8955,L
8956,L
8957,L
8958,L
8959,L
8960,L
8961,L
8962,L
8963,L
8964,L
8965,L
8966,L
8967,L
8968,L
8969,L
8970,L
8971,L
8972,L
8973,L
8974,L
8975,L
8976,L
8977,L
8978,L
8979,L
8980,L
8981,L
8982,L
8983,L
8984,L
8985,L
8986,L
8987,L
8988,L
8989,L
8990,L
8991,L
8992,L
8993,L
8994,L
8995,L
8996,L
8997,L
8998,L
8999,L
9000,L
9001,L
9002,L
9003,L
9004,L
9005,L
9006,L
9007,L
9008,L
9009,L
9010,L
9011,L
9012,L
9013,L
9014,L
9015,L
9016,L
9017,L
9018,L
9019,L
9020,L
9021,L
9022,L
9023,L
9024,L
9025,L
9026,L
9027,L
9028,L
9029,L
9030,L
9031,L
9032,L
9033,L
9034,L
9035,L
9036,L
9037,L
9038,L
9039,L
9040,L
9041,L
9042,L
9043,L
9044,L
9045,L
9046,L
9047,L
9048,L
9049,L
9050,L
9051,L
9052,L
9053,L
9054,L
9055,L
9056,L
9057,L
9058,L
9059,L
9060,L
9061,L
9062,L
9063,L
9064,L
9065,L
9066,L
9067,L
9068,L
9069,L
9070,L
9071,L
9072,L
9073,L
9074,L
9075,L
9076,L
9077,L
9078,L
9079,L
9080,L
9081,L
9082,L
9083,L
9084,L
9085,L
9086,L
9087,L
9088,L
9089,L
9090,L
9091,L
9092,L
9093,L
9094,L
9095,L
9096,L
9097,L
9098,L
9099,L
9100,L
9101,L
9102,L
9103,L
9104,L
9105,L
9106,L
9107,L
9108,L
9109,L
9110,L
9111,L
9112,L
9113,L
9114,L
9115,L
9116,L
9117,L
9118,L
9119,L
9120,L
9121,L
9122,L
9123,L
9124,L
9125,L
9126,L
9127,L
9128,L
9129,L
9130,L
9131,L
9132,L
9133,L
9134,L
9135,L
9136,L
9137,L
9138,L
9139,L
9140,L
9141,L
9142,L
9143,L
9144,L
9145,L
9146,L
9147,L
9148,L
9149,L
9150,L
9151,L
9152,L
9153,L
9154,L
9155,L
9156,L
9157,L
9158,L
9159,L
9160,L
9161,L
9162,L
9163,L
9164,L
9165,L
9166,L
9167,L
9168,L
9169,L
9170,L
9171,L
9172,L
9173,L
9174,L
9175,L
9176,L
9177,L
9178,L
9179,L
9180,L
9181,L
9182,L
9183,L
9184,L
9185,L
9186,L
9187,L
9188,L
9189,L
9190,L
9191,L
9192,L
9193,L
9194,L
9195,L
9196,L
9197,L
9198,L
9199,L
9200,L
9201,L
9202,L
9203,L
9204,L
9205,L
9206,L
9207,L
9208,L
9209,L
9210,L
9211,L
9212,L
9213,L
9214,L
9215,L
9216,L
9217,L
9218,L
9219,L
9220,L
9221,L
9222,L
9223,L
9224,L
9225,L
9226,L
9227,L
9228,L
9229,L
9230,L
9231,L
9232,L
9233,L
9234,L
9235,L
9236,L
9237,L
9238,L
9239,L
9240,L
9241,L
9242,L
9243,L
9244,L
9245,L
9246,L
9247,L
9248,L
9249,L
9250,L
9251,L
9252,L
9253,L
9254,L
9255,L
9256,L
9257,L
9258,L
9259,L
9260,L
9261,L
9262,L
9263,L
9264,L
9265,L
9266,L
9267,L
9268,L
9269,L
9270,L
9271,L
9272,L
9273,L
9274,L
9275,L
9276,L
9277,L
9278,L
9279,L
9280,L
9281,L
9282,L
9283,L
9284,L
9285,L
9286,L
9287,L
9288,L
9289,L
9290,L
9291,L
9292,L
9293,L
9294,L
9295,L
9296,L
9297,L
9298,L
9299,L
9300,L
9301,L
9302,L
9303,L
9304,L
9305,L
9306,L
9307,L
9308,L
9309,L
9310,L
9311,L
9312,L
9313,L
9314,L
9315,L
9316,L
9317,L
9318,L
9319,L
9320,L
9321,L
9322,L
9323,L
9324,L
9325,L
9326,L
9327,L
9328,L
9329,L
9330,L
9331,L
9332,L
9333,L
9334,L
9335,L
9336,L
9337,L
9338,L
9339,L
9340,L
9341,L
9342,L
9343,L
9344,L
9345,L
9346,L
9347,L
9348,L
9349,L
9350,L
9351,L
9352,L
9353,L
9354,L
9355,L
9356,L
9357,L
9358,L
9359,L
9360,L
9361,L
9362,L
9363,L
9364,L
9365,L
9366,L
9367,L
9368,L
9369,L
9370,L
9371,L
9372,L
9373,L
9374,L
9375,L
9376,L
9377,L
9378,L
9379,L
9380,L
9381,L
9382,L
9383,L
9384,L
9385,L
9386,L
9387,L
9388,L
9389,L
9390,L
9391,L
9392,L
9393,L
9394,L
9395,L
9396,L
9397,L
9398,L
9399,L
9400,L
9401,L
9402,L
9403,L
9404,L
9405,L
9406,L
9407,L
9408,L
9409,L
9410,L
9411,L
9412,L
9413,L
9414,L
9415,L
9416,L
9417,L
9418,L
9419,L
9420,L
9421,L
9422,L
9423,L
9424,L
9425,L
9426,L
9427,L
9428,L
9429,L
9430,L
9431,L
9432,L
9433,L
9434,L
9435,L
9436,L
9437,L
9438,L
9439,L
9440,L
9441,L
9442,L
9443,L
9444,L
9445,L
9446,L
9447,L
9448,L
9449,L
9450,L
9451,L
9452,L
9453,L
9454,L
9455,L
9456,L
9457,L
9458,L
9459,L
9460,L
9461,L
9462,L
9463,L
9464,L
9465,L
9466,L
9467,L
9468,L
9469,L
9470,L
9471,L
9472,L
9473,L
9474,L
9475,L
9476,L
9477,L
9478,L
9479,L
9480,L
9481,L
9482,L
9483,L
9484,L
9485,L
9486,L
9487,L
9488,L
9489,L
9490,L
9491,L
9492,L
9493,L
9494,L
9495,L
9496,L
9497,L
9498,L
9499,L
9500,L
9501,L
9502,L
9503,L
9504,L
9505,L
9506,L
9507,L
9508,L
9509,L
9510,L
9511,L
9512,L
9513,L
9514,L
9515,L
9516,L
9517,L
9518,L
9519,L
9520,L
9521,L
9522,L
9523,L
9524,L
9525,L
9526,L
9527,L
9528,L
9529,L
9530,L
9531,L
9532,L
9533,L
9534,L
9535,L
9536,L
9537,L
9538,L
9539,L
9540,L
9541,L
9542,L
9543,L
9544,L
9545,L
9546,L
9547,L
9548,L
9549,L
9550,L
9551,L
9552,L
9553,L
9554,L
9555,L
9556,L
9557,L
9558,L
9559,L
9560,L
9561,L
9562,L
9563,L
9564,L
9565,L
9566,L
9567,L
9568,L
9569,L
9570,L
9571,L
9572,L
9573,L
9574,L
9575,L
9576,L
9577,L
9578,L
9579,L
9580,L
9581,L
9582,L
9583,L
9584,L
9585,L
9586,L
9587,L
9588,L
9589,L
9590,L
9591,L
9592,L
9593,L
9594,L
9595,L
9596,L
9597,L
9598,L
9599,L
9600,L
9601,L
9602,L
9603,L
9604,L
9605,L
9606,L
9607,L
9608,L
9609,L
9610,L
9611,L
9612,L
9613,L
9614,L
9615,L
9616,L
9617,L
9618,L
9619,L
9620,L
9621,L
9622,L
9623,L
9624,L
9625,L
9626,L
9627,L
9628,L
9629,L
9630,L
9631,L
9632,L
9633,L
9634,L
9635,L
9636,L
9637,L
9638,L
9639,L
9640,L
9641,L
9642,L
9643,L
9644,L
9645,L
9646,L
9647,L
9648,L
9649,L
9650,L
9651,L
9652,L
9653,L
9654,L
9655,L
9656,L
9657,L
9658,L
9659,L
9660,L
9661,L
9662,L
9663,L
9664,L
9665,L
9666,L
9667,L
9668,L
9669,L
9670,L
9671,L
9672,L
9673,L
9674,L
9675,L
9676,L
9677,L
9678,L
9679,L
9680,L
9681,L
9682,L
9683,L
9684,L
9685,L
9686,L
9687,L
9688,L
9689,L
9690,L
9691,L
9692,L
9693,L
9694,L
9695,L
9696,L
9697,L
9698,L
9699,L
9700,L
9701,L
9702,L
9703,L
9704,L
9705,L
9706,L
9707,L
9708,L
9709,L
9710,L
9711,L
9712,L
9713,L
9714,L
9715,L
9716,L
9717,L
9718,L
9719,L
9720,L
9721,L
9722,L
9723,L
9724,L
9725,L
9726,L
9727,L
9728,L
9729,L
9730,L
9731,L
9732,L
9733,L
9734,L
9735,L
9736,L
9737,L
9738,L
9739,L
9740,L
9741,L
9742,L
9743,L
9744,L
9745,L
9746,L
9747,L
9748,L
9749,L
9750,L
9751,L
9752,L
9753,L
9754,L
9755,L
9756,L
9757,L
9758,L
9759,L
9760,L
9761,L
9762,L
9763,L
9764,L
9765,L
9766,L
9767,L
9768,L
9769,L
9770,L
9771,L
9772,L
9773,L
9774,L
9775,L
9776,L
9777,L
9778,L
9779,L
9780,L
9781,L
9782,L
9783,L
9784,L
9785,L
9786,L
9787,L
9788,L
9789,L
9790,L
9791,L
9792,L
9793,L
9794,L
9795,L
9796,L
9797,L
9798,L
9799,L
9800,L
9801,L
9802,L
9803,L
9804,L
9805,L
9806,L
9807,L
9808,L
9809,L
9810,L
9811,L
9812,L
9813,L
9814,L
9815,L
9816,L
9817,L
9818,L
9819,L
9820,L
9821,L
9822,L
9823,L
9824,L
9825,L
9826,L
9827,L
9828,L
9829,L
9830,L
9831,L
9832,L
9833,L
9834,L
9835,L
9836,L
9837,L
9838,L
9839,L
9840,L
9841,L
9842,L
9843,L
9844,L
9845,L
9846,L
9847,L
9848,L
9849,L
9850,L
9851,L
9852,L
9853,L
9854,L
9855,L
9856,L
9857,L
9858,L
9859,L
9860,L
9861,L
9862,L
9863,L
9864,L
9865,L
9866,L
9867,L
9868,L
9869,L
9870,L
9871,L
9872,L
9873,L
9874,L
9875,L
9876,L
9877,L
9878,L
9879,L
9880,L
9881,L
9882,L
9883,L
9884,L
9885,L
9886,L
9887,L
9888,L
9889,L
9890,L
9891,L
9892,L
9893,L
9894,L
9895,L
9896,L
9897,L
9898,L
9899,L
9900,L
9901,L
9902,L
9903,L
9904,L
9905,L
9906,L
9907,L
9908,L
9909,L
9910,L
9911,L
9912,L
9913,L
9914,L
9915,L
9916,L
9917,L
9918,L
9919,L
9920,L
9921,L
9922,L
9923,L
9924,L
9925,L
9926,L
9927,L
9928,L
9929,L
9930,L
9931,L
9932,L
9933,L
9934,L
9935,L
9936,L
9937,L
9938,L
9939,L
9940,L
9941,L
9942,L
9943,L
9944,L
9945,L
9946,L
9947,L
9948,L
9949,L
9950,L
9951,L
9952,L
9953,L
9954,L
9955,L
9956,L
9957,L
9958,L
9959,L
9960,L
9961,L
9962,L
9963,L
9964,L
9965,L
9966,L
9967,L
9968,L
9969,L
9970,L
9971,L
9972,L
9973,L
9974,L
9975,L
9976,L
9977,L
9978,L
9979,L
9980,L
9981,L
9982,L
9983,L
9984,L
9985,L
9986,L
9987,L
9988,L
9989,L
9990,L
9991,L
9992,L
9993,L
9994,L
9995,L
9996,L
9997,L
9998,L
9999,L
